TaxonID,LocationID,MainIDs,n,n_eligible
1,1,"[1, 9338]",2,0
1,10688,"[9283, 9796]",2,0
9,18,"[56, 2773, 7040]",3,1
23,7,"[23, 43]",2,0
28,2071,"[10124, 20649]",2,2
44,343,"[9612, 9613]",2,0
47,343,"[2727, 2728, 2729, 2730]",4,0
50,8,"[44, 45]",2,0
51,8,"[46, 47]",2,0
51,2062,"[10102, 10103]",2,0
51,2063,"[10104, 10105]",2,0
51,10540,"[6715, 6716]",2,0
51,10690,"[9292, 10153]",2,0
51,10691,"[9294, 10167]",2,0
52,83,"[1095, 6800]",2,0
52,10057,"[1765, 1766]",2,0
52,10100,"[1769, 6549]",2,0
52,10144,"[1744, 1745, 6777]",3,0
52,10465,"[1746, 6776]",2,0
53,16,"[1659, 9337]",2,0
54,82,"[200, 9721, 9735]",3,2
54,10787,"[9700, 9701, 9716]",3,3
55,21,"[281, 9503]",2,0
55,82,"[293, 9724]",2,2
56,80,"[73, 96]",2,1
57,141,"[1378, 1379]",2,0
59,21,"[245, 9501]",2,1
59,29,"[248, 9500]",2,2
61,18,"[57, 2780]",2,1
62,18,"[58, 2778]",2,1
63,18,"[59, 2775]",2,1
64,18,"[60, 2781]",2,1
64,94,"[1166, 1185]",2,1
65,18,"[61, 2774]",2,1
68,18,"[64, 2777]",2,1
69,18,"[65, 2779]",2,0
70,18,"[66, 2776]",2,1
72,82,"[404, 9730]",2,1
75,32,"[416, 10166]",2,0
75,81,"[422, 2722]",2,0
75,82,"[423, 9728]",2,1
77,82,"[434, 9725]",2,2
78,21,"[437, 9490]",2,1
78,29,"[445, 9489]",2,2
78,82,"[496, 9729]",2,2
79,21,"[9219, 9492]",2,0
79,29,"[9220, 9491]",2,0
81,10820,"[9833, 9834]",2,0
91,79,"[240, 7048]",2,0
91,82,"[242, 9741]",2,2
92,83,"[1088, 6788]",2,0
93,83,"[1089, 6789]",2,0
94,83,"[1090, 6791]",2,0
95,83,"[1091, 6792]",2,0
96,83,"[1092, 6796]",2,0
97,83,"[1093, 6798]",2,0
98,83,"[1094, 6799]",2,0
99,83,"[1096, 6801]",2,0
100,83,"[1114, 6806]",2,0
101,83,"[1097, 6807]",2,0
102,83,"[1098, 6809]",2,0
103,83,"[1099, 6810]",2,0
104,83,"[1100, 6811]",2,0
104,10078,"[1678, 6775]",2,0
104,10084,"[1684, 6778]",2,1
104,10098,"[1698, 1699]",2,0
104,10100,"[1700, 6553]",2,0
105,83,"[1101, 6820]",2,0
106,83,"[1102, 6821]",2,0
107,83,"[1103, 6822]",2,0
108,83,"[1104, 6825]",2,0
108,10100,"[2069, 6555]",2,0
109,83,"[1105, 6826]",2,0
110,83,"[1106, 6832]",2,0
111,83,"[1107, 6833]",2,0
111,10100,"[1901, 6656, 6657, 6564]",4,3
112,83,"[1108, 6834]",2,0
113,83,"[1109, 6837]",2,0
114,83,"[1110, 6841]",2,0
116,83,"[1112, 6851]",2,0
117,83,"[1113, 6858]",2,0
117,10100,"[1806, 6558]",2,0
118,83,"[1115, 6859]",2,0
119,83,"[1116, 6860]",2,0
121,84,"[1119, 8456]",2,0
121,85,"[1120, 8578]",2,0
121,86,"[1121, 8396]",2,0
121,87,"[1122, 8276]",2,0
121,88,"[1123, 8185]",2,0
161,94,"[1149, 1174]",2,0
163,94,"[1151, 1175]",2,0
165,94,"[1153, 1213]",2,0
166,94,"[1154, 1176]",2,2
167,94,"[1155, 1177]",2,0
168,94,"[1156, 1178]",2,2
169,94,"[1157, 1179]",2,2
172,94,"[1160, 1180]",2,0
173,94,"[1161, 1181]",2,0
174,94,"[1162, 1182]",2,1
181,94,"[1168, 1186]",2,0
183,94,"[1169, 1187]",2,2
192,10543,"[6726, 6727]",2,0
207,8,"[6689, 10163]",2,0
207,343,"[1346, 9202, 9203]",3,0
207,367,"[9206, 9207]",2,0
207,10655,"[9204, 9205]",2,0
232,10530,"[6638, 6641, 6655]",3,0
240,377,"[2793, 2794]",2,0
240,378,"[2835, 2836]",2,0
240,379,"[2873, 2874]",2,0
240,380,"[2907, 2908]",2,0
240,381,"[2941, 2942]",2,0
240,382,"[2964, 2965]",2,0
240,384,"[3033, 3034]",2,0
240,386,"[3075, 3074]",2,0
240,387,"[3114, 3115]",2,0
240,388,"[3137, 3138]",2,0
240,389,"[3163, 3164]",2,0
240,390,"[3192, 3193]",2,0
240,391,"[3220, 3221]",2,0
240,392,"[3255, 3256]",2,0
240,393,"[3299, 3300]",2,0
240,394,"[3325, 3326]",2,0
240,395,"[3338, 3339]",2,0
240,397,"[3362, 3363]",2,0
240,398,"[3397, 3398]",2,0
240,399,"[3432, 3433]",2,0
240,400,"[3472, 3473]",2,0
240,404,"[3579, 3580]",2,0
240,406,"[3629, 3630]",2,0
240,407,"[3668, 3669]",2,0
240,408,"[3710, 3711]",2,0
240,409,"[3743, 3744]",2,0
240,410,"[3778, 3779]",2,0
240,411,"[3801, 3802]",2,0
240,412,"[3831, 3832]",2,0
240,413,"[3868, 3869]",2,0
390,10540,"[6719, 6720]",2,0
390,10571,"[6998, 10155]",2,0
393,10540,"[6717, 6718]",2,0
393,10623,"[9854, 10152]",2,0
399,8,"[9607, 9608, 9609]",3,0
403,10568,"[7005, 9289]",2,0
403,10572,"[9452, 9453, 9454]",3,0
403,10811,"[9982, 9844, 9845, 9846, 9847, 9848]",6,0
405,118,"[1334, 9520]",2,1
405,10787,"[9705, 10115]",2,2
407,10637,"[7103, 10145]",2,1
408,122,"[1343, 5014]",2,0
408,10568,"[7000, 9287]",2,0
408,10572,"[9455, 9456, 9457]",3,0
410,2080,"[10159, 10160, 10161, 10162]",4,1
410,2082,"[10127, 10128]",2,2
410,10544,"[7041, 7042]",2,0
411,10688,"[9282, 9795]",2,0
412,140,"[1347, 10149]",2,2
416,10787,"[9713, 9832]",2,1
417,152,"[1536, 9460]",2,0
418,146,"[1380, 1391]",2,0
419,146,"[1384, 1395]",2,0
420,146,"[1381, 1392]",2,0
421,146,"[1382, 1393]",2,0
422,146,"[1383, 1394]",2,0
423,146,"[1390, 1401]",2,0
424,146,"[1389, 1400]",2,0
425,146,"[1388, 1399]",2,0
426,146,"[1385, 1396]",2,0
427,146,"[1386, 1397]",2,0
427,10539,"[6692, 6693, 6694, 6695]",4,0
428,146,"[1387, 1398]",2,0
727,10784,"[9639, 20540]",2,0
728,172,"[1527, 1528]",2,0
729,175,"[1526, 5029]",2,0
734,358,"[2735, 2736]",2,0
734,359,"[2737, 2738]",2,0
734,10749,"[2732, 2733]",2,0
739,10365,"[1965, 1966, 1967]",3,0
739,10373,"[1973, 1974, 1976]",3,1
739,10381,"[1981, 1982, 1983, 1984]",4,2
739,10392,"[1992, 1993]",2,0
739,10398,"[1998, 1999]",2,1
739,10406,"[2006, 2007]",2,1
739,10416,"[2016, 2017]",2,2
739,10421,"[2021, 2022]",2,0
739,10424,"[2024, 2025]",2,0
739,10426,"[2026, 2027, 2028, 2029]",4,1
739,10432,"[2032, 2033]",2,1
752,42,"[5034, 5035, 5036]",3,0
791,88,"[6765, 8194]",2,0
792,88,"[6764, 8181]",2,0
802,10669,"[9233, 9234]",2,0
802,10699,"[9623, 9624, 9625, 9626, 9627, 9628, 9629, 9630, 9631, 9632, 9633, 9634]",12,0
803,10669,"[9235, 9236]",2,0
803,10699,"[9599, 9601, 9602, 9603, 9604, 9605]",6,0
804,10670,"[9237, 9238, 9239]",3,0
10072,10073,"[1673, 1674]",2,0
10119,10100,"[1730, 6554]",2,0
10219,416,"[1823, 6100]",2,1
10219,10222,"[1822, 6098]",2,1
10225,10227,"[1827, 1828]",2,0
10225,10229,"[1829, 1830, 1831]",3,0
10225,10242,"[1842, 1844]",2,0
10225,10269,"[1869, 1870]",2,0
10225,10272,"[1872, 1873, 1874]",3,0
10225,10275,"[1875, 1876, 1877]",3,0
10225,10282,"[1882, 1883, 1884]",3,0
10225,10290,"[1890, 1891, 1892]",3,0
10303,10100,"[1907, 6556]",2,1
10328,10328,"[1928, 1929]",2,0
10336,10328,"[1936, 1937]",2,0
10444,10444,"[2044, 2045, 2046]",3,0
10704,1024,"[6142, 6143]",2,0
10705,1025,"[6588, 6589]",2,0
10706,1025,"[6590, 6591]",2,0
10713,1028,"[6069, 6073, 6077]",3,0
10713,1029,"[6070, 6074, 6078]",3,0
10713,1030,"[6071, 6075, 6079]",3,0
10713,1031,"[6072, 6076, 6080]",3,0
10714,1030,"[6088, 6090]",2,0
10714,1031,"[6089, 6091]",2,0
10715,1029,"[6081, 6085, 6092, 6094]",4,0
10715,1030,"[6082, 6086, 6095]",3,0
10715,1031,"[6083, 6087, 6093, 6096]",4,0
10717,418,"[6065, 6066, 6067]",3,0
10717,419,"[6063, 6064]",2,0
10995,10579,"[6958, 6962]",2,0
11093,10501,"[6714, 6525]",2,0
11093,10502,"[6713, 6524]",2,0
11101,10100,"[6562, 6581]",2,0
11103,83,"[1111, 6848]",2,0
11112,10100,"[6543, 6579]",2,0
11120,10527,"[6634, 7062, 9531, 9532, 9533, 9534, 9535, 9536, 9537, 9538, 9539, 9540, 9541, 9542, 20625]",15,0
11147,10184,"[6668, 10135]",2,0
11147,10539,"[6702, 6703, 6712]",3,0
11148,10537,"[6670, 6671]",2,0
11154,10539,"[6696, 6697]",2,0
11155,10539,"[6698, 6699, 6700, 6701]",4,0
11156,10539,"[6704, 6705, 6706, 6707]",4,0
11157,10539,"[6708, 6709, 6710, 6711]",4,0
11158,10541,"[6721, 6722, 6723, 6724]",4,0
11159,10530,"[6639, 6642]",2,0
11165,10545,"[7022, 7023, 7024, 7025, 7104]",5,0
11167,10546,"[9640, 20626]",2,0
11191,10568,"[7001, 9288]",2,0
11191,10688,"[9284, 9797]",2,0
11192,2040,"[10069, 10126]",2,0
11192,10656,"[9208, 9209, 9805]",3,0
11192,10688,"[9281, 9794]",2,0
11193,10714,"[9369, 9922]",2,0
11203,10550,"[7016, 7019]",2,0
11205,10550,"[7018, 7021]",2,0
11341,10627,"[7111, 7112, 7113, 9641]",4,0
11351,10635,"[7121, 9301]",2,0
11895,10692,"[9594, 9595]",2,0
11897,2020,"[10037, 10095]",2,0
11900,10696,"[9303, 9305]",2,0
11901,10700,"[9308, 10165]",2,0
11925,10811,"[9983, 9849, 9850, 9851, 9852, 9853]",6,0
11931,10688,"[9403, 9404]",2,0
11948,10784,"[9519, 9530]",2,0
11950,10784,"[9543, 9544, 9545, 9546, 9547, 9548, 9549, 9550]",8,0
11970,8,"[9581, 9582, 9583, 9584, 9585]",5,0
11972,10779,"[9588, 9589]",2,0
11972,10782,"[9590, 9591]",2,0
11973,10780,"[9508, 9509]",2,0
11976,10784,"[9614, 9615, 9616, 9617, 9618, 9619, 9620]",7,0
11981,10784,"[9638, 10138]",2,0
12059,10811,"[9984, 9841, 9842, 9843]",4,0
12068,10826,"[9954, 9895]",2,0
12069,10827,"[9896, 9897]",2,0
12071,10714,"[9923, 9926]",2,0
12071,10832,"[9931, 9928]",2,0
12073,10832,"[9929, 9930]",2,0
12083,10844,"[9986, 9987]",2,0
