fishglob_system_id,survey_unit,species,ram_stockid,ram_stocklong,ram_region,ram_area,match_rule,confidence
FG|EBS|Atheresthes evermanni,EBS,Atheresthes evermanni,KMFLOUNBSAI,Kamchatka flounder Bering Sea and Aleutian Islands,US Alaska,Bering Sea and Aleutian Islands,species+region,candidate (needs boundary check)
FG|EBS|Atheresthes stomias,EBS,Atheresthes stomias,ARFLOUNDBSAI,Arrowtooth flounder Bering Sea and Aleutian Islands,US Alaska,Bering Sea and Aleutian Islands,species+region,candidate (needs boundary check)
FG|EBS|Atheresthes stomias,EBS,Atheresthes stomias,ARFLOUNDGA,Arrowtooth flounder Gulf of Alaska,US Alaska,Gulf of Alaska,species+region,candidate (needs boundary check)
FG|EBS|Gadus macrocephalus,EBS,Gadus macrocephalus,PCODBS,Pacific cod Bering Sea,US Alaska,Bering Sea,species+region,candidate (needs boundary check)
FG|EBS|Gadus macrocephalus,EBS,Gadus macrocephalus,PCODGA,Pacific cod Gulf of Alaska,US Alaska,Gulf of Alaska,species+region,candidate (needs boundary check)
FG|EBS|Glyptocephalus zachirus,EBS,Glyptocephalus zachirus,REXSOLEGA,Rex sole Gulf of Alaska,US Alaska,Gulf of Alaska,species+region,candidate (needs boundary check)
FG|EBS|Hippoglossoides elassodon,EBS,Hippoglossoides elassodon,FLSOLEBSAI,Flathead sole Bering Sea and Aleutian Islands,US Alaska,Bering Sea and Aleutian Islands,species+region,candidate (needs boundary check)
FG|EBS|Hippoglossoides elassodon,EBS,Hippoglossoides elassodon,FLSOLEGA,Flathead sole Gulf of Alaska,US Alaska,Gulf of Alaska,species+region,candidate (needs boundary check)
FG|EBS|Limanda aspera,EBS,Limanda aspera,YSOLEBSAI,Yellowfin sole Bering Sea and Aleutian Islands,US Alaska,Bering Sea and Aleutian Islands,species+region,candidate (needs boundary check)
FG|EBS|Pleuronectes quadrituberculatus,EBS,Pleuronectes quadrituberculatus,ALPLAICBSAI,Alaska plaice Bering Sea and Aleutian Islands,US Alaska,Bering Sea and Aleutian Islands,species+region,candidate (needs boundary check)
FG|EBS|Reinhardtius hippoglossoides,EBS,Reinhardtius hippoglossoides,GHALBSAI,Greenland turbot Bering Sea and Aleutian Islands,US Alaska,Bering Sea and Aleutian Islands,species+region,candidate (needs boundary check)
FG|GSL-S|Pseudopleuronectes americanus,GSL-S,Pseudopleuronectes americanus,WINFLOUN4T,Winter flounder Southern Gulf of St. Lawrence,Canada East Coast,Southern Gulf of St. Lawrence,species+region,candidate (needs boundary check)
FG|GSL-S|Reinhardtius hippoglossoides,GSL-S,Reinhardtius hippoglossoides,GHAL23KLMNO,Greenland halibut NAFO 23KLMNO,Canada East Coast,Labrador Shelf - Grand Banks,species+region,candidate (needs boundary check)
FG|NEUS-Fall|Centropristis striata,NEUS-Fall,Centropristis striata,BSBASSMATLC,Black sea bass Mid-Atlantic Coast,US East Coast,Mid-Atlantic Coast,species+region,candidate (needs boundary check)
FG|NEUS-Fall|Clupea harengus,NEUS-Fall,Clupea harengus,HERRNWATLC,Atlantic herring Northwestern Atlantic Coast,US East Coast,Northwestern Atlantic Coast,species+region,candidate (needs boundary check)
FG|NEUS-Fall|Gadus morhua,NEUS-Fall,Gadus morhua,CODGB,Atlantic cod Georges Bank,US East Coast,Georges Bank,species+region,candidate (needs boundary check)
FG|NEUS-Fall|Hippoglossoides platessoides,NEUS-Fall,Hippoglossoides platessoides,AMPL5YZ,American Plaice NAFO-5YZ,US East Coast,Gulf of Maine / Georges Bank,species+region,candidate (needs boundary check)
FG|NEUS-Fall|Paralichthys dentatus,NEUS-Fall,Paralichthys dentatus,SFLOUNMATLC,Summer flounder Mid-Atlantic Coast,US East Coast,Mid-Atlantic Coast,species+region,candidate (needs boundary check)
FG|NEUS-Fall|Peprilus triacanthus,NEUS-Fall,Peprilus triacanthus,BUTTERGOMCHATT,Atlantic butterfish Gulf of Maine / Cape Hatteras,US East Coast,Gulf of Maine / Cape Hatteras,species+region,candidate (needs boundary check)
FG|NEUS-Fall|Pomatomus saltatrix,NEUS-Fall,Pomatomus saltatrix,BLUEFISHATLC,Bluefish Atlantic Coast,US East Coast,Atlantic Coast,species+region,candidate (needs boundary check)
FG|NEUS-Fall|Pseudopleuronectes americanus,NEUS-Fall,Pseudopleuronectes americanus,WINFLOUN5Z,Winter Flounder NAFO-5Z,US East Coast,Georges Bank,species+region,candidate (needs boundary check)
FG|NEUS-Fall|Pseudopleuronectes americanus,NEUS-Fall,Pseudopleuronectes americanus,WINFLOUNSNEMATL,Winter Flounder Southern New England-Mid Atlantic,US East Coast,Southern New England /Mid Atlantic,species+region,candidate (needs boundary check)
FG|NEUS-Fall|Sebastes fasciatus,NEUS-Fall,Sebastes fasciatus,ACADREDGOMGB,Acadian redfish Gulf of Maine / Georges Bank,US East Coast,Gulf of Maine / Georges Bank,species+region,candidate (needs boundary check)
FG|NEUS-Fall|Stenotomus chrysops,NEUS-Fall,Stenotomus chrysops,SCUPNWATLC,Scup Atlantic Coast,US East Coast,Northwestern Atlantic Coast,species+region,candidate (needs boundary check)
FG|NEUS-Fall|Urophycis tenuis,NEUS-Fall,Urophycis tenuis,WHAKEGBGOM,White hake Georges Bank / Gulf of Maine,US East Coast,Gulf of Maine / Georges Bank,species+region,candidate (needs boundary check)
FG|NEUS-Spring|Clupea harengus,NEUS-Spring,Clupea harengus,HERRNWATLC,Atlantic herring Northwestern Atlantic Coast,US East Coast,Northwestern Atlantic Coast,species+region,candidate (needs boundary check)
FG|NEUS-Spring|Hippoglossoides platessoides,NEUS-Spring,Hippoglossoides platessoides,AMPL5YZ,American Plaice NAFO-5YZ,US East Coast,Gulf of Maine / Georges Bank,species+region,candidate (needs boundary check)
FG|NEUS-Spring|Peprilus triacanthus,NEUS-Spring,Peprilus triacanthus,BUTTERGOMCHATT,Atlantic butterfish Gulf of Maine / Cape Hatteras,US East Coast,Gulf of Maine / Cape Hatteras,species+region,candidate (needs boundary check)
FG|NEUS-Spring|Pseudopleuronectes americanus,NEUS-Spring,Pseudopleuronectes americanus,WINFLOUN5Z,Winter Flounder NAFO-5Z,US East Coast,Georges Bank,species+region,candidate (needs boundary check)
FG|NEUS-Spring|Pseudopleuronectes americanus,NEUS-Spring,Pseudopleuronectes americanus,WINFLOUNSNEMATL,Winter Flounder Southern New England-Mid Atlantic,US East Coast,Southern New England /Mid Atlantic,species+region,candidate (needs boundary check)
FG|NS-IBTS-1|Clupea harengus,NS-IBTS-1,Clupea harengus,HERR2224IIIa,Herring ICES 22-24-IIIa,European Union,22-24-IIIa,species+region,candidate (needs boundary check)
FG|NS-IBTS-1|Clupea harengus,NS-IBTS-1,Clupea harengus,HERR2529-32,Herring Subdivisions 25-29 and 32,European Union,Subdivisions 25-29 and 32,species+region,candidate (needs boundary check)
FG|NS-IBTS-1|Clupea harengus,NS-IBTS-1,Clupea harengus,HERR30,Herring ICES 30,European Union,Bothnian Sea,species+region,candidate (needs boundary check)
FG|NS-IBTS-1|Clupea harengus,NS-IBTS-1,Clupea harengus,HERRIsum,Herring Iceland (Summer spawners),Europe non EU,Iceland Grounds,species+region,candidate (needs boundary check)
FG|NS-IBTS-1|Clupea harengus,NS-IBTS-1,Clupea harengus,HERRNIRS,Herring Northern Irish Sea,European Union,Irish Sea,species+region,candidate (needs boundary check)
FG|NS-IBTS-1|Clupea harengus,NS-IBTS-1,Clupea harengus,HERRNORSS,Norwegian Spring Spawning Herring,Europe non EU,I-II-IVa-V-XIVa,species+region,candidate (needs boundary check)
FG|NS-IBTS-1|Clupea harengus,NS-IBTS-1,Clupea harengus,HERRNS-IIIa-VIId,"Herring IIIa, VIId and North Sea",European Union,"IIIa, VIId and North Sea",species+region,candidate (needs boundary check)
FG|NS-IBTS-1|Clupea harengus,NS-IBTS-1,Clupea harengus,HERRRIGA,Herring ICES 28,European Union,Gulf of Riga East of Gotland,species+region,candidate (needs boundary check)
FG|NS-IBTS-1|Clupea harengus,NS-IBTS-1,Clupea harengus,HERRSIRS,Herring ICES VIIa-g-h-j,European Union,ICES VIIa-g-h-j,species+region,candidate (needs boundary check)
FG|NS-IBTS-1|Clupea harengus,NS-IBTS-1,Clupea harengus,HERRVIa,Herring ICES VIa,European Union,West of Scotland,species+region,candidate (needs boundary check)
FG|NS-IBTS-1|Clupea harengus,NS-IBTS-1,Clupea harengus,HERRVIaVIIbc,Herring ICES VIa-VIIb-VIIc,European Union,"VIa, VIIb and VIIc",species+region,candidate (needs boundary check)
FG|NS-IBTS-1|Gadus morhua,NS-IBTS-1,Gadus morhua,CODBA2224,Atlantic cod Baltic Areas 22 and 24,European Union,Western Baltic,species+region,candidate (needs boundary check)
FG|NS-IBTS-1|Gadus morhua,NS-IBTS-1,Gadus morhua,CODBA2532,Atlantic cod Baltic Areas 25-32,European Union,Eastern Baltic,species+region,candidate (needs boundary check)
FG|NS-IBTS-1|Gadus morhua,NS-IBTS-1,Gadus morhua,CODFAPL,Atlantic cod Faroe Plateau,Europe non EU,Faroe Plateau,species+region,candidate (needs boundary check)
FG|NS-IBTS-1|Gadus morhua,NS-IBTS-1,Gadus morhua,CODICE,Atlantic cod Iceland,Europe non EU,Iceland Grounds,species+region,candidate (needs boundary check)
FG|NS-IBTS-1|Gadus morhua,NS-IBTS-1,Gadus morhua,CODIIIaW-IV-VIId,Atlantic cod IIIa (west) and IV-VIId,European Union,IIIa (west) and IV-VIId,species+region,candidate (needs boundary check)
FG|NS-IBTS-1|Gadus morhua,NS-IBTS-1,Gadus morhua,CODIS,Atlantic cod Irish Sea,European Union,Irish Sea,species+region,candidate (needs boundary check)
FG|NS-IBTS-1|Gadus morhua,NS-IBTS-1,Gadus morhua,CODNEAR,Atlantic cod Northeast Arctic,Europe non EU,North-East Arctic,species+region,candidate (needs boundary check)
FG|NS-IBTS-1|Gadus morhua,NS-IBTS-1,Gadus morhua,CODVIa,Atlantic cod West of Scotland,European Union,West of Scotland,species+region,candidate (needs boundary check)
FG|NS-IBTS-1|Gadus morhua,NS-IBTS-1,Gadus morhua,CODVIIek,Atlantic Cod Celtic Sea,European Union,Celtic Sea,species+region,candidate (needs boundary check)
FG|NS-IBTS-1|Lepidorhombus whiffiagonis,NS-IBTS-1,Lepidorhombus whiffiagonis,MEG8c9a,Megrim ICES VIIIc-IXa,European Union,VIIIc-IXa,species+region,candidate (needs boundary check)
FG|NS-IBTS-1|Lepidorhombus whiffiagonis,NS-IBTS-1,Lepidorhombus whiffiagonis,MEGVII-VIIIabd,Megrim VII-VIIIabd,European Union,VII and VIIIabd,species+region,candidate (needs boundary check)
FG|NS-IBTS-1|Lophius piscatorius,NS-IBTS-1,Lophius piscatorius,WANGLVIIIc-IXa,White anglerfish VIIIc-IXa,European Union,VIIIc-IXa,species+region,candidate (needs boundary check)
FG|NS-IBTS-1|Melanogrammus aeglefinus,NS-IBTS-1,Melanogrammus aeglefinus,HADFAPL,Haddock Faroe Plateau,Europe non EU,Faroe Plateau,species+region,candidate (needs boundary check)
FG|NS-IBTS-1|Melanogrammus aeglefinus,NS-IBTS-1,Melanogrammus aeglefinus,HADICE,Haddock Iceland,Europe non EU,Iceland Grounds,species+region,candidate (needs boundary check)
FG|NS-IBTS-1|Melanogrammus aeglefinus,NS-IBTS-1,Melanogrammus aeglefinus,HADNEAR,Haddock Northeast Arctic,Europe non EU,North-East Arctic,species+region,candidate (needs boundary check)
FG|NS-IBTS-1|Melanogrammus aeglefinus,NS-IBTS-1,Melanogrammus aeglefinus,HADNS-IIIa-VIa,Haddock North Sea and IIIa-VIa,European Union,North Sea and IIIa-VIa,species+region,candidate (needs boundary check)
FG|NS-IBTS-1|Melanogrammus aeglefinus,NS-IBTS-1,Melanogrammus aeglefinus,HADROCK,Haddock Rockall Bank,European Union,Rockall Bank,species+region,candidate (needs boundary check)
FG|NS-IBTS-1|Melanogrammus aeglefinus,NS-IBTS-1,Melanogrammus aeglefinus,HADVIIb-k,Haddock ICES VIIb-k,European Union,ICES VIIb-k,species+region,candidate (needs boundary check)
FG|NS-IBTS-1|Merlangius merlangus,NS-IBTS-1,Merlangius merlangus,WHITNS-VIId,Whiting NS-VIId,European Union,IV and VIId,species+region,candidate (needs boundary check)
FG|NS-IBTS-1|Merlangius merlangus,NS-IBTS-1,Merlangius merlangus,WHITVIa,Whiting ICES VIa,European Union,West of Scotland,species+region,candidate (needs boundary check)
FG|NS-IBTS-1|Merluccius merluccius,NS-IBTS-1,Merluccius merluccius,HAKENRTN,Hake Northeast Atlantic North,European Union,IIIa-IV-VI-VII-VIIIabd,species+region,candidate (needs boundary check)
FG|NS-IBTS-1|Merluccius merluccius,NS-IBTS-1,Merluccius merluccius,HAKESOTH,Hake Northeast Atlantic South,European Union,VIIIc-IXa,species+region,candidate (needs boundary check)
FG|NS-IBTS-1|Molva molva,NS-IBTS-1,Molva molva,LINGVa,Ling Iceland Grounds,European Union,Iceland Grounds,species+region,candidate (needs boundary check)
FG|NS-IBTS-1|Pleuronectes platessa,NS-IBTS-1,Pleuronectes platessa,PLAIC7d,European Plaice ICES VIId,European Union,Eastern English Channel,species+region,candidate (needs boundary check)
FG|NS-IBTS-1|Pleuronectes platessa,NS-IBTS-1,Pleuronectes platessa,PLAICNS,European Plaice North Sea,European Union,North Sea,species+region,candidate (needs boundary check)
FG|NS-IBTS-1|Pollachius virens,NS-IBTS-1,Pollachius virens,POLLFAPL,Pollock Faroe Plateau,Europe non EU,Faroe Plateau,species+region,candidate (needs boundary check)
FG|NS-IBTS-1|Pollachius virens,NS-IBTS-1,Pollachius virens,POLLIEG,Pollock Iceland Grounds,Europe non EU,Iceland Grounds,species+region,candidate (needs boundary check)
FG|NS-IBTS-1|Pollachius virens,NS-IBTS-1,Pollachius virens,POLLNEAR,Pollock Northeast Arctic,Europe non EU,North-East Arctic,species+region,candidate (needs boundary check)
FG|NS-IBTS-1|Pollachius virens,NS-IBTS-1,Pollachius virens,POLLNS-VI-IIIa,"Pollock ICES IIIa, VI and North Sea",European Union,"IIIa, VI and North Sea",species+region,candidate (needs boundary check)
FG|NS-IBTS-1|Scomber scombrus,NS-IBTS-1,Scomber scombrus,MACKNEICES,Mackerel ICES Northeast Atlantic,European Union,IIa-IIIabd-IV-Vb-VI-VII-VIIIabcde-XII-XIV-Ixa,species+region,candidate (needs boundary check)
FG|NS-IBTS-1|Solea solea,NS-IBTS-1,Solea solea,SOLECS,Common sole Celtic Sea,European Union,Celtic Sea,species+region,candidate (needs boundary check)
FG|NS-IBTS-1|Solea solea,NS-IBTS-1,Solea solea,SOLEIIIa-2224,Common sole 22-24-IIIa,European Union,22-24-IIIa,species+region,candidate (needs boundary check)
FG|NS-IBTS-1|Solea solea,NS-IBTS-1,Solea solea,SOLEIS,Common sole Irish Sea,European Union,Irish Sea,species+region,candidate (needs boundary check)
FG|NS-IBTS-1|Solea solea,NS-IBTS-1,Solea solea,SOLENS,Common sole North Sea,European Union,North Sea,species+region,candidate (needs boundary check)
FG|NS-IBTS-1|Solea solea,NS-IBTS-1,Solea solea,SOLEVIId,Common sole ICES VIId,European Union,Eastern English Channel,species+region,candidate (needs boundary check)
FG|NS-IBTS-1|Solea solea,NS-IBTS-1,Solea solea,SOLEVIIe,Common sole Western English Channel,European Union,Western English Channel,species+region,candidate (needs boundary check)
FG|NS-IBTS-1|Solea solea,NS-IBTS-1,Solea solea,SOLEVIIIab,Common sole VIIIab,European Union,VIIIab,species+region,candidate (needs boundary check)
FG|NS-IBTS-1|Sprattus sprattus,NS-IBTS-1,Sprattus sprattus,SPRAT22-32,Sprat ICES Baltic Areas 22-32,European Union,Baltic Areas 22-32,species+region,candidate (needs boundary check)
FG|NS-IBTS-1|Sprattus sprattus,NS-IBTS-1,Sprattus sprattus,SPRATNS,Sprat North Sea,European Union,North Sea,species+region,candidate (needs boundary check)
FG|NS-IBTS-1|Trachurus trachurus,NS-IBTS-1,Trachurus trachurus,HMACKIIa-IVa-Vb-VIa-VII-VIII,Horse mackerel IIa-IVa-Vb-VIa-VII-VIII,European Union,IIa-IVa-Vb-VIa-VII-VIII,species+region,candidate (needs boundary check)
FG|NS-IBTS-1|Trachurus trachurus,NS-IBTS-1,Trachurus trachurus,HMACKIXa,Horse mackerel Portugese Waters -East,European Union,Portugese Waters -East,species+region,candidate (needs boundary check)
FG|SCS-SUMMER|Hippoglossoides platessoides,SCS-SUMMER,Hippoglossoides platessoides,AMPL23K,American Plaice NAFO-23K,Canada East Coast,Labrador - NE Newfoundland,species+region,candidate (needs boundary check)
FG|SCS-SUMMER|Hippoglossoides platessoides,SCS-SUMMER,Hippoglossoides platessoides,AMPL3LNO,American Plaice NAFO-3LNO,Canada East Coast,Grand Banks,species+region,candidate (needs boundary check)
FG|SCS-SUMMER|Hippoglossoides platessoides,SCS-SUMMER,Hippoglossoides platessoides,AMPL4T,American plaice Southern Gulf of St. Lawrence,Canada East Coast,Southern Gulf of St. Lawrence,species+region,candidate (needs boundary check)
FG|SCS-SUMMER|Hippoglossus hippoglossus,SCS-SUMMER,Hippoglossus hippoglossus,ATHAL3NOPs4VWX5Zc,Atlantic halibut Scotian Shelf and Southern Grand Banks,Canada East Coast,Scotian Shelf and Southern Grand Banks,species+region,candidate (needs boundary check)
FG|SCS-SUMMER|Pseudopleuronectes americanus,SCS-SUMMER,Pseudopleuronectes americanus,WINFLOUN4T,Winter flounder Southern Gulf of St. Lawrence,Canada East Coast,Southern Gulf of St. Lawrence,species+region,candidate (needs boundary check)
FG|SCS-SUMMER|Urophycis tenuis,SCS-SUMMER,Urophycis tenuis,WHAKE4T,White hake Southern Gulf of St. Lawrence,Canada East Coast,Southern Gulf of St. Lawrence,species+region,candidate (needs boundary check)
FG|SWC-IBTS-1|Scomber scombrus,SWC-IBTS-1,Scomber scombrus,MACKNEICES,Mackerel ICES Northeast Atlantic,European Union,IIa-IIIabd-IV-Vb-VI-VII-VIIIabcde-XII-XIV-Ixa,species+region,candidate (needs boundary check)
