fishglob_system_id,survey_unit,species,fishglob_event,ram_stockid,ram_stocklong,ram_region,ram_area,ram_eligible,ram_event,match_rule,confidence
FG|EBS|Atheresthes evermanni,EBS,Atheresthes evermanni,False,KMFLOUNBSAI,Kamchatka flounder Bering Sea and Aleutian Islands,US Alaska,USA-NMFS-BSAI,False,False,species+region,candidate (needs boundary check)
FG|EBS|Atheresthes stomias,EBS,Atheresthes stomias,False,ARFLOUNDBSAI,Arrowtooth flounder Bering Sea and Aleutian Islands,US Alaska,USA-NMFS-BSAI,True,False,species+region,candidate (needs boundary check)
FG|EBS|Atheresthes stomias,EBS,Atheresthes stomias,False,ARFLOUNDGA,Arrowtooth flounder Gulf of Alaska,US Alaska,USA-NMFS-GA,True,False,species+region,candidate (needs boundary check)
FG|EBS|Clupea pallasii,EBS,Clupea pallasii,False,HERRPWS,Pacific herring Prince William Sound,US Alaska,USA-AKSTATE-PWS,False,False,species+region,candidate (needs boundary check)
FG|EBS|Clupea pallasii,EBS,Clupea pallasii,False,HERRSITKA,Pacific herring Sitka,US Alaska,USA-AKSTATE-SITKA,False,False,species+region,candidate (needs boundary check)
FG|EBS|Clupea pallasii,EBS,Clupea pallasii,False,HERRTOG,Pacific herring Togiak District,US Alaska,USA-AKSTATE-TOG,False,False,species+region,candidate (needs boundary check)
FG|EBS|Gadus macrocephalus,EBS,Gadus macrocephalus,False,PCODAI,Pacific cod Aleutian Islands,US Alaska,USA-NMFS-AI,False,False,species+region,candidate (needs boundary check)
FG|EBS|Gadus macrocephalus,EBS,Gadus macrocephalus,False,PCODBS,Pacific cod Bering Sea,US Alaska,USA-NMFS-BS,True,False,species+region,candidate (needs boundary check)
FG|EBS|Gadus macrocephalus,EBS,Gadus macrocephalus,False,PCODGA,Pacific cod Gulf of Alaska,US Alaska,USA-NMFS-GA,True,True,species+region,candidate (needs boundary check)
FG|EBS|Glyptocephalus zachirus,EBS,Glyptocephalus zachirus,False,REXSOLEGA,Rex sole Gulf of Alaska,US Alaska,USA-NMFS-GA,True,False,species+region,candidate (needs boundary check)
FG|EBS|Hippoglossoides elassodon,EBS,Hippoglossoides elassodon,False,FLSOLEBSAI,Flathead sole Bering Sea and Aleutian Islands,US Alaska,USA-NMFS-BSAI,True,False,species+region,candidate (needs boundary check)
FG|EBS|Hippoglossoides elassodon,EBS,Hippoglossoides elassodon,False,FLSOLEGA,Flathead sole Gulf of Alaska,US Alaska,USA-NMFS-GA,True,False,species+region,candidate (needs boundary check)
FG|EBS|Hippoglossus stenolepis,EBS,Hippoglossus stenolepis,False,PHALNPAC,Pacific halibut North Pacific,US Alaska,multinational-IPHC-NPAC,False,False,species+region,candidate (needs boundary check)
FG|EBS|Limanda aspera,EBS,Limanda aspera,False,YSOLEBSAI,Yellowfin sole Bering Sea and Aleutian Islands,US Alaska,USA-NMFS-BSAI,False,False,species+region,candidate (needs boundary check)
FG|EBS|Pleuronectes quadrituberculatus,EBS,Pleuronectes quadrituberculatus,False,ALPLAICBSAI,Alaska plaice Bering Sea and Aleutian Islands,US Alaska,USA-NMFS-BSAI,True,False,species+region,candidate (needs boundary check)
FG|EBS|Reinhardtius hippoglossoides,EBS,Reinhardtius hippoglossoides,False,GHALBSAI,Greenland halibut Bering Sea and Aleutian Islands,US Alaska,USA-NMFS-BSAI,True,True,species+region,candidate (needs boundary check)
FG|GMEX-Fall|Balistes capriscus,GMEX-Fall,Balistes capriscus,False,GTRIGGM,Gray triggerfish Gulf of Mexico,US Southeast and Gulf,USA-NMFS-GM,True,True,species+region,candidate (needs boundary check)
FG|GMEX-Fall|Brevoortia patronus,GMEX-Fall,Brevoortia patronus,False,MENATGM,Gulf menhaden Gulf of Mexico,US Southeast and Gulf,USA-NMFS-GM,True,False,species+region,candidate (needs boundary check)
FG|GMEX-Fall|Lutjanus campechanus,GMEX-Fall,Lutjanus campechanus,False,RSNAPGM,Red snapper Gulf of Mexico,US Southeast and Gulf,USA-NMFS-GM,True,True,species+region,candidate (needs boundary check)
FG|GMEX-Fall|Lutjanus campechanus,GMEX-Fall,Lutjanus campechanus,False,RSNAPSATLC,Red snapper Southern Atlantic coast,US Southeast and Gulf,USA-NMFS-SATLC,True,True,species+region,candidate (needs boundary check)
FG|GMEX-Fall|Scomberomorus cavalla,GMEX-Fall,Scomberomorus cavalla,True,KMACKGM,King mackerel Gulf of Mexico,US Southeast and Gulf,USA-NMFS-GM,True,True,species+region,candidate (needs boundary check)
FG|GMEX-Fall|Scomberomorus cavalla,GMEX-Fall,Scomberomorus cavalla,True,KMACKSATLC,King mackerel Southern Atlantic coast,US Southeast and Gulf,USA-NMFS-SATLC,True,False,species+region,candidate (needs boundary check)
FG|GSL-S|Squalus acanthias,GSL-S,Squalus acanthias,True,SDOG4VWX5,"Spiny dogfish Scotian Shelf, Bay of Fundy and Georges Bank",Canada East Coast,Canada-DFO-4VWX5,True,True,species+region,candidate (needs boundary check)
FG|NEUS-Spring|Clupea harengus,NEUS-Spring,Clupea harengus,False,HERRNWATLC,Herring Northwestern Atlantic Coast,US East Coast,USA-NMFS-NWATLC,False,False,species+region,candidate (needs boundary check)
FG|NEUS-Spring|Hippoglossoides platessoides,NEUS-Spring,Hippoglossoides platessoides,False,AMPL5YZ,American plaice Gulf of Maine / Georges Bank,US East Coast,USA-NMFS-5YZ,True,False,species+region,candidate (needs boundary check)
FG|NEUS-Spring|Peprilus triacanthus,NEUS-Spring,Peprilus triacanthus,False,BUTTERGOMCHATT,Atlantic butterfish Gulf of Maine / Cape Hatteras,US East Coast,USA-NMFS-5YCHATT,False,False,species+region,candidate (needs boundary check)
FG|NEUS-Spring|Pseudopleuronectes americanus,NEUS-Spring,Pseudopleuronectes americanus,False,WINFLOUN5Z,Winter flounder Georges Bank,US East Coast,USA-NMFS-5Z,True,False,species+region,candidate (needs boundary check)
FG|NEUS-Spring|Pseudopleuronectes americanus,NEUS-Spring,Pseudopleuronectes americanus,False,WINFLOUNSNEMATL,Winter flounder Southern New England /Mid Atlantic,US East Coast,USA-NMFS-SNEMATL,True,True,species+region,candidate (needs boundary check)
FG|NEUS-Spring|Scomber scombrus,NEUS-Spring,Scomber scombrus,False,MACK5YCHATT,Atlantic mackerel Gulf of Maine / Cape Hatteras,US East Coast,USA-NMFS-5YCHATT,False,False,species+region,candidate (needs boundary check)
FG|NEUS-Spring|Squalus acanthias,NEUS-Spring,Squalus acanthias,False,SDOGATLC,Spiny dogfish Atlantic Coast,US East Coast,USA-NMFS-ATLC,False,False,species+region,candidate (needs boundary check)
FG|NS-IBTS-1|Clupea harengus,NS-IBTS-1,Clupea harengus,False,HERR2224IIIa,Herring ICES 22-24-3a,European Union,multinational-ICES-22-24-IIIa,False,False,species+region,candidate (needs boundary check)
FG|NS-IBTS-1|Clupea harengus,NS-IBTS-1,Clupea harengus,False,HERR2529-32,Herring Subdivisions 25-29 and 32,European Union,multinational-ICES-2529-32,False,False,species+region,candidate (needs boundary check)
FG|NS-IBTS-1|Clupea harengus,NS-IBTS-1,Clupea harengus,False,HERR30-31,Herring Subdivisions 30-31,European Union,multinational-ICES-30-31,True,False,species+region,candidate (needs boundary check)
FG|NS-IBTS-1|Clupea harengus,NS-IBTS-1,Clupea harengus,False,HERRIsum,Herring Iceland (Summer spawners),Europe non EU,multinational-ICES-VaSS,True,False,species+region,candidate (needs boundary check)
FG|NS-IBTS-1|Clupea harengus,NS-IBTS-1,Clupea harengus,False,HERRNIRS,Herring Irish Sea,European Union,multinational-ICES-VIIa,True,False,species+region,candidate (needs boundary check)
FG|NS-IBTS-1|Clupea harengus,NS-IBTS-1,Clupea harengus,False,HERRNORSS,Herring ICES 1-2-4a-5-14a (Norwegian Spring Spawners),Europe non EU,multinational-ICES-I-II-IVa-V-XIVaNSS,True,False,species+region,candidate (needs boundary check)
FG|NS-IBTS-1|Clupea harengus,NS-IBTS-1,Clupea harengus,False,HERRNS-IIIa-VIId,Herring ICES 3a-4-7d,European Union,multinational-ICES-IIIa-IV-VIId,False,False,species+region,candidate (needs boundary check)
FG|NS-IBTS-1|Clupea harengus,NS-IBTS-1,Clupea harengus,False,HERRRIGA,Herring Gulf of Riga East of Gotland,European Union,multinational-ICES-RIGA,True,False,species+region,candidate (needs boundary check)
FG|NS-IBTS-1|Clupea harengus,NS-IBTS-1,Clupea harengus,False,HERRSIRS,Herring ICES 7a-g-h-j-k,European Union,multinational-ICES-VIIa-g-h-j-k,False,False,species+region,candidate (needs boundary check)
FG|NS-IBTS-1|Clupea harengus,NS-IBTS-1,Clupea harengus,False,HERRVIaVIIbc,Herring ICES 6a7bc,European Union,multinational-ICES-VIa-VIIb-VIIc,True,True,species+region,candidate (needs boundary check)
FG|NS-IBTS-1|Engraulis encrasicolus,NS-IBTS-1,Engraulis encrasicolus,True,ANCHIXa,Anchovy Portugese Waters -East,European Union,multinational-ICES-IXa,False,False,species+region,candidate (needs boundary check)
FG|NS-IBTS-1|Engraulis encrasicolus,NS-IBTS-1,Engraulis encrasicolus,True,ANCHOBAYB,Anchovy Bay of Biscay,European Union,multinational-ICES-VIII,False,False,species+region,candidate (needs boundary check)
FG|NS-IBTS-1|Gadus morhua,NS-IBTS-1,Gadus morhua,True,COD1F-XIV,Atlantic cod NAFO 1F and ICES 14,Europe non EU,multinational-ICES-1F-XIV,False,False,species+region,candidate (needs boundary check)
FG|NS-IBTS-1|Gadus morhua,NS-IBTS-1,Gadus morhua,True,CODBA2224,Atlantic cod Western Baltic,European Union,multinational-ICES-22-24,True,False,species+region,candidate (needs boundary check)
FG|NS-IBTS-1|Gadus morhua,NS-IBTS-1,Gadus morhua,True,CODBA2532,Atlantic cod Eastern Baltic,European Union,multinational-ICES-25-32,True,True,species+region,candidate (needs boundary check)
FG|NS-IBTS-1|Gadus morhua,NS-IBTS-1,Gadus morhua,True,CODFAPL,Atlantic cod Faroe Plateau,Europe non EU,multinational-ICES-Vb1,True,True,species+region,candidate (needs boundary check)
FG|NS-IBTS-1|Gadus morhua,NS-IBTS-1,Gadus morhua,True,CODICE,Atlantic cod Iceland Grounds,Europe non EU,multinational-ICES-Va,True,False,species+region,candidate (needs boundary check)
FG|NS-IBTS-1|Gadus morhua,NS-IBTS-1,Gadus morhua,True,CODIIIaW-IV-VIId,Atlantic cod ICES 3a(west)-4-7d,European Union,multinational-ICES-IIIaW-IV-VIId,True,True,species+region,candidate (needs boundary check)
FG|NS-IBTS-1|Gadus morhua,NS-IBTS-1,Gadus morhua,True,CODIS,Atlantic cod Irish Sea,European Union,multinational-ICES-VIIa,True,True,species+region,candidate (needs boundary check)
FG|NS-IBTS-1|Gadus morhua,NS-IBTS-1,Gadus morhua,True,CODKAT,Atlantic cod Kattegat,European Union,multinational-ICES-21,False,False,species+region,candidate (needs boundary check)
FG|NS-IBTS-1|Gadus morhua,NS-IBTS-1,Gadus morhua,True,CODNEAR,Atlantic cod North-East Arctic,Europe non EU,multinational-ICES-I-II,False,False,species+region,candidate (needs boundary check)
FG|NS-IBTS-1|Gadus morhua,NS-IBTS-1,Gadus morhua,True,CODVIIek,Atlantic cod Celtic Sea,European Union,multinational-ICES-VIIe-k,True,True,species+region,candidate (needs boundary check)
FG|NS-IBTS-1|Gadus morhua,NS-IBTS-1,Gadus morhua,True,CODVIa,Atlantic cod West of Scotland,European Union,multinational-ICES-VIa,False,False,species+region,candidate (needs boundary check)
FG|NS-IBTS-1|Glyptocephalus cynoglossus,NS-IBTS-1,Glyptocephalus cynoglossus,False,WITFLOUNIIIa-IV-VIId,Witch flounder ICES 3a-4-7d,European Union,multinational-ICES-IIIa-IV-VIId,True,False,species+region,candidate (needs boundary check)
FG|NS-IBTS-1|Lepidorhombus whiffiagonis,NS-IBTS-1,Lepidorhombus whiffiagonis,False,MEG8c9a,Megrim ICES 8c-9a,European Union,multinational-ICES-VIIIc-IXa,True,False,species+region,candidate (needs boundary check)
FG|NS-IBTS-1|Lepidorhombus whiffiagonis,NS-IBTS-1,Lepidorhombus whiffiagonis,False,MEGVII-VIIIabd,Megrim ICES 7-8abd,European Union,multinational-ICES-VII-VIIIabd,True,False,species+region,candidate (needs boundary check)
FG|NS-IBTS-1|Leucoraja naevus,NS-IBTS-1,Leucoraja naevus,False,CKRAYIIIa-IV,Cuckoo ray ICES 3a-4,European Union,multinational-ICES-IIIa-IV,False,False,species+region,candidate (needs boundary check)
FG|NS-IBTS-1|Leucoraja naevus,NS-IBTS-1,Leucoraja naevus,False,CKRAYIXa,Cuckoo ray Portugese Waters -East,European Union,multinational-ICES-IXa,False,False,species+region,candidate (needs boundary check)
FG|NS-IBTS-1|Leucoraja naevus,NS-IBTS-1,Leucoraja naevus,False,CKRAYVI-VII,Cuckoo ray ICES 6-7,European Union,multinational-ICES-VI-VII,False,False,species+region,candidate (needs boundary check)
FG|NS-IBTS-1|Leucoraja naevus,NS-IBTS-1,Leucoraja naevus,False,CKRAYVIIIc,Cuckoo ray Bay of Biscay -South,European Union,multinational-ICES-VIIIc,False,False,species+region,candidate (needs boundary check)
FG|NS-IBTS-1|Limanda limanda,NS-IBTS-1,Limanda limanda,False,DABIIIa-IV,Dab ICES 3a-4,European Union,multinational-ICES-IIIa-IV,False,False,species+region,candidate (needs boundary check)
FG|NS-IBTS-1|Lophius piscatorius,NS-IBTS-1,Lophius piscatorius,False,WANGLVII-VIIIabd,White anglerfish ICES 7-8abd,European Union,multinational-ICES-VII-VIIIabd,True,False,species+region,candidate (needs boundary check)
FG|NS-IBTS-1|Lophius piscatorius,NS-IBTS-1,Lophius piscatorius,False,WANGLVIIIc-IXa,White anglerfish ICES 8c-9a,European Union,multinational-ICES-VIIIc-IXa,False,False,species+region,candidate (needs boundary check)
FG|NS-IBTS-1|Melanogrammus aeglefinus,NS-IBTS-1,Melanogrammus aeglefinus,False,HADFAPL,Haddock Faroe Plateau,Europe non EU,multinational-ICES-Vb1,True,True,species+region,candidate (needs boundary check)
FG|NS-IBTS-1|Melanogrammus aeglefinus,NS-IBTS-1,Melanogrammus aeglefinus,False,HADICE,Haddock Iceland Grounds,Europe non EU,multinational-ICES-Va,True,False,species+region,candidate (needs boundary check)
FG|NS-IBTS-1|Melanogrammus aeglefinus,NS-IBTS-1,Melanogrammus aeglefinus,False,HADIS,Haddock Irish Sea,European Union,multinational-ICES-VIIa,False,False,species+region,candidate (needs boundary check)
FG|NS-IBTS-1|Melanogrammus aeglefinus,NS-IBTS-1,Melanogrammus aeglefinus,False,HADNEAR,Haddock North-East Arctic,Europe non EU,multinational-ICES-I-II,True,False,species+region,candidate (needs boundary check)
FG|NS-IBTS-1|Melanogrammus aeglefinus,NS-IBTS-1,Melanogrammus aeglefinus,False,HADNS-IIIa-VIa,Haddock ICES 3a-4-6a,European Union,multinational-ICES-NS-IIIa-VIa,True,False,species+region,candidate (needs boundary check)
FG|NS-IBTS-1|Melanogrammus aeglefinus,NS-IBTS-1,Melanogrammus aeglefinus,False,HADROCK,Haddock Rockall Bank,European Union,multinational-ICES-VIb,False,False,species+region,candidate (needs boundary check)
FG|NS-IBTS-1|Melanogrammus aeglefinus,NS-IBTS-1,Melanogrammus aeglefinus,False,HADVIIb-k,Haddock ICES 7b-k,European Union,multinational-ICES-VIIb-k,False,False,species+region,candidate (needs boundary check)
FG|NS-IBTS-1|Merlangius merlangus,NS-IBTS-1,Merlangius merlangus,False,WHITNS-VIId,Whiting ICES 4-7d,European Union,multinational-ICES-IV-VIId,True,False,species+region,candidate (needs boundary check)
FG|NS-IBTS-1|Merlangius merlangus,NS-IBTS-1,Merlangius merlangus,False,WHITVIIa,Whiting Irish Sea,European Union,multinational-ICES-VIIa,False,False,species+region,candidate (needs boundary check)
FG|NS-IBTS-1|Merlangius merlangus,NS-IBTS-1,Merlangius merlangus,False,WHITVIIbce-k,Whiting Celtic Sea,European Union,multinational-ICES-VIIbce-k,False,False,species+region,candidate (needs boundary check)
FG|NS-IBTS-1|Merlangius merlangus,NS-IBTS-1,Merlangius merlangus,False,WHITVIa,Whiting West of Scotland,European Union,multinational-ICES-VIa,False,False,species+region,candidate (needs boundary check)
FG|NS-IBTS-1|Merluccius merluccius,NS-IBTS-1,Merluccius merluccius,False,HAKENRTN,Hake ICES 3a-4-6-7-8abd,European Union,multinational-ICES-IIIa-IV-VI-VII-VIIIabd,True,False,species+region,candidate (needs boundary check)
FG|NS-IBTS-1|Merluccius merluccius,NS-IBTS-1,Merluccius merluccius,False,HAKESOTH,Hake ICES 8c-9a,European Union,multinational-ICES-VIIIc-IXa,False,False,species+region,candidate (needs boundary check)
FG|NS-IBTS-1|Microstomus kitt,NS-IBTS-1,Microstomus kitt,False,LSOLEIIIa-IV-VIId,Lemon sole ICES 3a-4-7d,European Union,multinational-ICES-IIIa-IV-VIId,False,False,species+region,candidate (needs boundary check)
FG|NS-IBTS-1|Molva molva,NS-IBTS-1,Molva molva,False,LINGI-II,Ling North-East Arctic,Europe non EU,multinational-ICES-I-II,False,False,species+region,candidate (needs boundary check)
FG|NS-IBTS-1|Molva molva,NS-IBTS-1,Molva molva,False,LINGNEATL,Ling Northeast Atlantic,European Union,multinational-ICES-IIIa-IVa-VI-VII-VIII-IX-XII-XIV,False,False,species+region,candidate (needs boundary check)
FG|NS-IBTS-1|Molva molva,NS-IBTS-1,Molva molva,False,LINGVa,Ling Iceland Grounds,Europe non EU,multinational-ICES-Va,True,False,species+region,candidate (needs boundary check)
FG|NS-IBTS-1|Molva molva,NS-IBTS-1,Molva molva,False,LINGVb,Ling Faroe Grounds,Europe non EU,multinational-ICES-Vb,False,False,species+region,candidate (needs boundary check)
FG|NS-IBTS-1|Mullus surmuletus,NS-IBTS-1,Mullus surmuletus,True,STRMULLIIIa-IV-VIId,Striped red mullet ICES 3a-4-7d,European Union,multinational-ICES-IIIa-IV-VIId,False,False,species+region,candidate (needs boundary check)
FG|NS-IBTS-1|Platichthys flesus,NS-IBTS-1,Platichthys flesus,False,EFLOUN2223,European flounder Subdivisions 22-23,European Union,multinational-ICES-2223,False,False,species+region,candidate (needs boundary check)
FG|NS-IBTS-1|Platichthys flesus,NS-IBTS-1,Platichthys flesus,False,EFLOUNIIIa-IV,European flounder ICES 3a-4,European Union,multinational-ICES-IIIa-IV,True,False,species+region,candidate (needs boundary check)
FG|NS-IBTS-1|Pleuronectes platessa,NS-IBTS-1,Pleuronectes platessa,False,PLAIC2123,European plaice Subdivisions 21-23,European Union,multinational-ICES-2123,False,False,species+region,candidate (needs boundary check)
FG|NS-IBTS-1|Pleuronectes platessa,NS-IBTS-1,Pleuronectes platessa,False,PLAIC2432,European plaice Subdivisions 24-32,European Union,multinational-ICES-2432,False,False,species+region,candidate (needs boundary check)
FG|NS-IBTS-1|Pleuronectes platessa,NS-IBTS-1,Pleuronectes platessa,False,PLAIC7d,European plaice Eastern English Channel,European Union,multinational-ICES-VIId,True,False,species+region,candidate (needs boundary check)
FG|NS-IBTS-1|Pleuronectes platessa,NS-IBTS-1,Pleuronectes platessa,False,PLAICCELT,European plaice Celtic Sea,European Union,multinational-ICES-VIIf-g,False,False,species+region,candidate (needs boundary check)
FG|NS-IBTS-1|Pleuronectes platessa,NS-IBTS-1,Pleuronectes platessa,False,PLAICECHW,European plaice Western English Channel,European Union,multinational-ICES-VIIe,True,False,species+region,candidate (needs boundary check)
FG|NS-IBTS-1|Pleuronectes platessa,NS-IBTS-1,Pleuronectes platessa,False,PLAICIS,European plaice Irish Sea,European Union,multinational-ICES-VIIa,True,False,species+region,candidate (needs boundary check)
FG|NS-IBTS-1|Pleuronectes platessa,NS-IBTS-1,Pleuronectes platessa,False,PLAICNS,European plaice North Sea,European Union,multinational-ICES-IV,True,False,species+region,candidate (needs boundary check)
FG|NS-IBTS-1|Pleuronectes platessa,NS-IBTS-1,Pleuronectes platessa,False,PLAICVIIh-k,European plaice ICES 7h-k,European Union,multinational-ICES-VIIh-k,False,False,species+region,candidate (needs boundary check)
FG|NS-IBTS-1|Pollachius virens,NS-IBTS-1,Pollachius virens,False,POLLFAPL,Saithe Faroe Plateau,Europe non EU,multinational-ICES-Vb1,True,False,species+region,candidate (needs boundary check)
FG|NS-IBTS-1|Pollachius virens,NS-IBTS-1,Pollachius virens,False,POLLIEG,Saithe Iceland Grounds,Europe non EU,multinational-ICES-Va,True,False,species+region,candidate (needs boundary check)
FG|NS-IBTS-1|Pollachius virens,NS-IBTS-1,Pollachius virens,False,POLLNEAR,Saithe North-East Arctic,Europe non EU,multinational-ICES-I-II,False,False,species+region,candidate (needs boundary check)
FG|NS-IBTS-1|Pollachius virens,NS-IBTS-1,Pollachius virens,False,POLLNS-VI-IIIa,Saithe ICES 3a-4-6,European Union,multinational-ICES-IIIa-IV-VI,True,False,species+region,candidate (needs boundary check)
FG|NS-IBTS-1|Scomber scombrus,NS-IBTS-1,Scomber scombrus,True,MACKNEICES,Mackerel ICES Northeast Atlantic,European Union,multinational-ICES-IIa-IIIabd-IV-Vb-VI-VII-VIIIabcde-XII-XIV-Ixa,True,False,species+region,candidate (needs boundary check)
FG|NS-IBTS-1|Scophthalmus maximus,NS-IBTS-1,Scophthalmus maximus,False,TURIIIa,Turbot Kattegat and Skagerrak,European Union,multinational-ICES-IIIa,False,False,species+region,candidate (needs boundary check)
FG|NS-IBTS-1|Scophthalmus maximus,NS-IBTS-1,Scophthalmus maximus,False,TURIV,Turbot North Sea,European Union,multinational-ICES-IV,True,False,species+region,candidate (needs boundary check)
FG|NS-IBTS-1|Scyliorhinus canicula,NS-IBTS-1,Scyliorhinus canicula,False,LSDOGIIIa-IV-VIId,Lesser spotted dogfish ICES 3a-4-7d,European Union,multinational-ICES-IIIa-IV-VIId,False,False,species+region,candidate (needs boundary check)
FG|NS-IBTS-1|Scyliorhinus canicula,NS-IBTS-1,Scyliorhinus canicula,False,LSDOGVI-VIIabcefghij,Lesser spotted dogfish ICES 6-7abcefghij,European Union,multinational-ICES-VI-VIIabcefghij,False,False,species+region,candidate (needs boundary check)
FG|NS-IBTS-1|Scyliorhinus canicula,NS-IBTS-1,Scyliorhinus canicula,False,LSDOGVIIIabd,Lesser spotted dogfish ICES 8abd,European Union,multinational-ICES-VIIIabd,False,False,species+region,candidate (needs boundary check)
FG|NS-IBTS-1|Scyliorhinus canicula,NS-IBTS-1,Scyliorhinus canicula,False,LSDOGVIIIc-IXa,Lesser spotted dogfish ICES 8c-9a,European Union,multinational-ICES-VIIIc-IXa,False,False,species+region,candidate (needs boundary check)
FG|NS-IBTS-1|Solea solea,NS-IBTS-1,Solea solea,False,SOLECS,Common sole Celtic Sea,European Union,multinational-ICES-VIIf-g,True,False,species+region,candidate (needs boundary check)
FG|NS-IBTS-1|Solea solea,NS-IBTS-1,Solea solea,False,SOLEIIIa-2224,Common sole ICES 22-24-3a,European Union,multinational-ICES-22-24-IIIa,True,False,species+region,candidate (needs boundary check)
FG|NS-IBTS-1|Solea solea,NS-IBTS-1,Solea solea,False,SOLEIS,Common sole Irish Sea,European Union,multinational-ICES-VIIa,True,True,species+region,candidate (needs boundary check)
FG|NS-IBTS-1|Solea solea,NS-IBTS-1,Solea solea,False,SOLENS,Common sole North Sea,European Union,multinational-ICES-IV,True,False,species+region,candidate (needs boundary check)
FG|NS-IBTS-1|Solea solea,NS-IBTS-1,Solea solea,False,SOLEVIIIab,Common sole ICES 8ab,European Union,multinational-ICES-VIIIab,True,False,species+region,candidate (needs boundary check)
FG|NS-IBTS-1|Solea solea,NS-IBTS-1,Solea solea,False,SOLEVIId,Common sole Eastern English Channel,European Union,multinational-ICES-VIId,True,False,species+region,candidate (needs boundary check)
FG|NS-IBTS-1|Solea solea,NS-IBTS-1,Solea solea,False,SOLEVIIe,Common sole Western English Channel,European Union,multinational-ICES-VIIe,True,False,species+region,candidate (needs boundary check)
FG|NS-IBTS-1|Solea solea,NS-IBTS-1,Solea solea,False,SOLEVIIh-k,Common sole ICES 7h-k,European Union,multinational-ICES-VIIh-k,False,False,species+region,candidate (needs boundary check)
FG|NS-IBTS-1|Sprattus sprattus,NS-IBTS-1,Sprattus sprattus,False,SPRAT22-32,Sprat Baltic Areas 22-32,European Union,multinational-ICES-22-32,True,False,species+region,candidate (needs boundary check)
FG|NS-IBTS-1|Sprattus sprattus,NS-IBTS-1,Sprattus sprattus,False,SPRATIIIa-IV,Sprat ICES 3a-4,European Union,multinational-ICES-IIIa-IV,False,False,species+region,candidate (needs boundary check)
FG|NS-IBTS-1|Sprattus sprattus,NS-IBTS-1,Sprattus sprattus,False,SPRATVIIde,Sprat ICES 7de,European Union,multinational-ICES-VIIde,False,False,species+region,candidate (needs boundary check)
FG|NS-IBTS-1|Squalus acanthias,NS-IBTS-1,Squalus acanthias,False,SPURDNEATL,Spurdog Northeast Atlantic,European Union,multinational-ICES-I-II-III-IV-V-VI-VII-VIII-IX-X-XII-XIV,True,True,species+region,candidate (needs boundary check)
FG|NS-IBTS-1|Trachurus trachurus,NS-IBTS-1,Trachurus trachurus,False,HMACKIIa-IVa-Vb-VIa-VII-VIII,Horse mackerel ICES 2a-4a-5b-6a-7-8,European Union,multinational-ICES-IIa-IVa-Vb-VIa-VII-VIII,True,True,species+region,candidate (needs boundary check)
FG|NS-IBTS-1|Trachurus trachurus,NS-IBTS-1,Trachurus trachurus,False,HMACKIXa,Horse mackerel Portugese Waters -East,European Union,multinational-ICES-IXa,False,False,species+region,candidate (needs boundary check)
FG|SCS-SUMMER|Glyptocephalus cynoglossus,SCS-SUMMER,Glyptocephalus cynoglossus,False,WITFLOUN4RST,Witch flounder Gulf of St. Lawrence,Canada East Coast,Canada-DFO-4RST,True,True,species+region,candidate (needs boundary check)
FG|SCS-SUMMER|Hippoglossoides platessoides,SCS-SUMMER,Hippoglossoides platessoides,True,AMPL23K,American plaice Labrador - NE Newfoundland,Canada East Coast,Canada-DFO-23K,False,False,species+region,candidate (needs boundary check)
FG|SCS-SUMMER|Hippoglossoides platessoides,SCS-SUMMER,Hippoglossoides platessoides,True,AMPL3LNO,American plaice Grand Banks,Canada East Coast,multinational-NAFO-3LNO,True,True,species+region,candidate (needs boundary check)
FG|SCS-SUMMER|Hippoglossoides platessoides,SCS-SUMMER,Hippoglossoides platessoides,True,AMPL3M,American plaice Flemish Cap,Canada East Coast,multinational-NAFO-3M,False,False,species+region,candidate (needs boundary check)
FG|SCS-SUMMER|Hippoglossoides platessoides,SCS-SUMMER,Hippoglossoides platessoides,True,AMPL3Ps,American plaice St. Pierre Bank,Canada East Coast,Canada-DFO-3Ps,False,False,species+region,candidate (needs boundary check)
FG|SCS-SUMMER|Hippoglossoides platessoides,SCS-SUMMER,Hippoglossoides platessoides,True,AMPL4T,American plaice Southern Gulf of St. Lawrence,Canada East Coast,Canada-DFO-4T,False,False,species+region,candidate (needs boundary check)
FG|SCS-SUMMER|Hippoglossoides platessoides,SCS-SUMMER,Hippoglossoides platessoides,True,AMPL4VWX,American plaice Scotian Shelf and Bay of Fundy,Canada East Coast,Canada-DFO-4VWX,True,False,species+region,candidate (needs boundary check)
FG|SCS-SUMMER|Hippoglossus hippoglossus,SCS-SUMMER,Hippoglossus hippoglossus,False,ATHAL3NOPs4VWX5Zc,Atlantic halibut Scotian Shelf and Southern Grand Banks,Canada East Coast,Canada-DFO-3NOPs4VWX5Zc,False,False,species+region,candidate (needs boundary check)
FG|SCS-SUMMER|Melanogrammus aeglefinus,SCS-SUMMER,Melanogrammus aeglefinus,False,HAD3LNO,Haddock Grand Banks,Canada East Coast,multinational-NAFO-3LNO,False,False,species+region,candidate (needs boundary check)
FG|SCS-SUMMER|Melanogrammus aeglefinus,SCS-SUMMER,Melanogrammus aeglefinus,False,HAD4X5Y,"Haddock Western Scotian Shelf, Bay of Fundy and Gulf of Maine",Canada East Coast,Canada-DFO-4X5Y,False,False,species+region,candidate (needs boundary check)
FG|SCS-SUMMER|Merluccius bilinearis,SCS-SUMMER,Merluccius bilinearis,True,SHAKE4VWX,Silver hake Scotian Shelf and Bay of Fundy,Canada East Coast,Canada-DFO-4VWX,False,False,species+region,candidate (needs boundary check)
FG|SCS-SUMMER|Pseudopleuronectes americanus,SCS-SUMMER,Pseudopleuronectes americanus,False,WINFLOUN4T,Winter flounder Southern Gulf of St. Lawrence,Canada East Coast,Canada-DFO-4T,True,False,species+region,candidate (needs boundary check)
FG|SCS-SUMMER|Squalus acanthias,SCS-SUMMER,Squalus acanthias,True,SDOG4VWX5,"Spiny dogfish Scotian Shelf, Bay of Fundy and Georges Bank",Canada East Coast,Canada-DFO-4VWX5,True,True,species+region,candidate (needs boundary check)
FG|SCS-SUMMER|Urophycis tenuis,SCS-SUMMER,Urophycis tenuis,True,WHAKE4T,White hake Southern Gulf of St. Lawrence,Canada East Coast,Canada-DFO-4T,False,False,species+region,candidate (needs boundary check)
