MainID,n_obs,start,end,span,n_missing_years,n_zero,onset_year,n_origins,n_pos,n_neg,first_origin,last_origin,event_in_eligible_window
1155,44,1927,1976,50,6,9,1944.0,0,0,0,,,False
1843,7,1970,1982,13,6,0,,0,0,0,,,False
1859,25,1911,1959,49,24,0,,0,0,0,,,False
1863,16,1957,1987,31,15,0,,0,0,0,,,False
1939,46,1932,1989,58,12,1,1946.0,0,0,0,,,False
2051,16,1958,1980,23,7,0,,0,0,0,,,False
6058,7,1958,1964,7,0,0,,0,0,0,,,False
6104,14,1907,1920,14,0,0,,0,0,0,,,False
6105,14,1907,1920,14,0,0,,0,0,0,,,False
6106,14,1907,1920,14,0,0,,0,0,0,,,False
6107,14,1907,1920,14,0,0,,0,0,0,,,False
6108,14,1907,1920,14,0,1,1918.0,0,0,0,,,False
6109,14,1907,1920,14,0,0,1916.0,0,0,0,,,False
6110,14,1907,1920,14,0,0,1913.0,0,0,0,,,False
6111,14,1907,1920,14,0,0,1916.0,0,0,0,,,False
6112,14,1907,1920,14,0,0,1916.0,0,0,0,,,False
6113,14,1907,1920,14,0,2,1913.0,0,0,0,,,False
6114,14,1907,1920,14,0,0,,0,0,0,,,False
6115,14,1907,1920,14,0,0,,0,0,0,,,False
6116,14,1907,1920,14,0,0,,0,0,0,,,False
6117,14,1907,1920,14,0,0,,0,0,0,,,False
6118,14,1907,1920,14,0,0,,0,0,0,,,False
6119,14,1907,1920,14,0,0,,0,0,0,,,False
6120,12,1909,1920,12,0,0,1919.0,0,0,0,,,False
6121,14,1907,1920,14,0,0,,0,0,0,,,False
6122,14,1907,1920,14,0,0,1916.0,0,0,0,,,False
6123,14,1907,1920,14,0,0,1919.0,0,0,0,,,False
6124,14,1907,1920,14,0,0,,0,0,0,,,False
6125,14,1907,1920,14,0,0,,0,0,0,,,False
6126,14,1907,1920,14,0,0,,0,0,0,,,False
6127,13,1908,1920,13,0,0,,0,0,0,,,False
6128,14,1907,1920,14,0,0,,0,0,0,,,False
6129,14,1907,1920,14,0,0,,0,0,0,,,False
6130,14,1907,1920,14,0,0,,0,0,0,,,False
6131,14,1907,1920,14,0,0,,0,0,0,,,False
6132,14,1907,1920,14,0,0,,0,0,0,,,False
6133,14,1907,1920,14,0,0,,0,0,0,,,False
6134,14,1907,1920,14,0,0,,0,0,0,,,False
6135,14,1907,1920,14,0,0,,0,0,0,,,False
6136,14,1907,1920,14,0,0,,0,0,0,,,False
6137,14,1907,1920,14,0,0,1917.0,0,0,0,,,False
6138,14,1907,1920,14,0,0,,0,0,0,,,False
6139,14,1907,1920,14,0,0,,0,0,0,,,False
6140,14,1907,1920,14,0,0,,0,0,0,,,False
6141,14,1907,1920,14,0,0,,0,0,0,,,False
6142,14,1907,1920,14,0,0,1919.0,0,0,0,,,False
6143,14,1907,1920,14,0,0,1916.0,0,0,0,,,False
6524,21,1959,1979,21,0,0,1970.0,0,0,0,,,False
6525,21,1959,1979,21,0,0,,0,0,0,,,False
6635,11,1955,1965,11,0,0,,0,0,0,,,False
6788,17,1981,1997,17,0,2,,0,0,0,,,False
6789,17,1981,1997,17,0,2,,0,0,0,,,False
6790,17,1981,1997,17,0,10,1993.0,0,0,0,,,False
6791,17,1981,1997,17,0,0,1991.0,0,0,0,,,False
6792,17,1981,1997,17,0,0,1986.0,0,0,0,,,False
6793,17,1981,1997,17,0,13,,0,0,0,,,False
6794,17,1981,1997,17,0,16,,0,0,0,,,False
6795,17,1981,1997,17,0,13,,0,0,0,,,False
6796,17,1981,1997,17,0,6,,0,0,0,,,False
6797,17,1981,1997,17,0,16,,0,0,0,,,False
6798,17,1981,1997,17,0,1,,0,0,0,,,False
6799,17,1981,1997,17,0,3,,0,0,0,,,False
6800,17,1981,1997,17,0,3,,0,0,0,,,False
6801,17,1981,1997,17,0,1,,0,0,0,,,False
6802,17,1981,1997,17,0,16,,0,0,0,,,False
6803,17,1981,1997,17,0,15,,0,0,0,,,False
6804,17,1981,1997,17,0,12,,0,0,0,,,False
6805,17,1981,1997,17,0,13,,0,0,0,,,False
6806,17,1981,1997,17,0,5,1996.0,0,0,0,,,False
6807,17,1981,1997,17,0,0,,0,0,0,,,False
6808,17,1981,1997,17,0,14,,0,0,0,,,False
6809,17,1981,1997,17,0,2,1996.0,0,0,0,,,False
6810,17,1981,1997,17,0,4,,0,0,0,,,False
6811,17,1981,1997,17,0,1,,0,0,0,,,False
6812,17,1981,1997,17,0,15,,0,0,0,,,False
6813,17,1981,1997,17,0,9,1996.0,0,0,0,,,False
6814,17,1981,1997,17,0,16,,0,0,0,,,False
6815,17,1981,1997,17,0,13,,0,0,0,,,False
6816,17,1981,1997,17,0,16,,0,0,0,,,False
6817,17,1981,1997,17,0,14,,0,0,0,,,False
6818,17,1981,1997,17,0,15,,0,0,0,,,False
6819,17,1981,1997,17,0,13,,0,0,0,,,False
6820,17,1981,1997,17,0,0,1996.0,0,0,0,,,False
6821,17,1981,1997,17,0,0,,0,0,0,,,False
6822,17,1981,1997,17,0,0,,0,0,0,,,False
6823,17,1981,1997,17,0,12,,0,0,0,,,False
6824,17,1981,1997,17,0,11,,0,0,0,,,False
6825,17,1981,1997,17,0,0,,0,0,0,,,False
6826,17,1981,1997,17,0,3,1986.0,0,0,0,,,False
6827,17,1981,1997,17,0,14,,0,0,0,,,False
6828,17,1981,1997,17,0,16,,0,0,0,,,False
6829,17,1981,1997,17,0,15,,0,0,0,,,False
6830,17,1981,1997,17,0,12,,0,0,0,,,False
6831,17,1981,1997,17,0,16,,0,0,0,,,False
6832,17,1981,1997,17,0,0,,0,0,0,,,False
6833,17,1981,1997,17,0,4,,0,0,0,,,False
6834,17,1981,1997,17,0,4,1996.0,0,0,0,,,False
6835,17,1981,1997,17,0,16,,0,0,0,,,False
6836,17,1981,1997,17,0,11,1994.0,0,0,0,,,False
6837,17,1981,1997,17,0,0,,0,0,0,,,False
6838,17,1981,1997,17,0,12,,0,0,0,,,False
6839,17,1981,1997,17,0,14,,0,0,0,,,False
6840,17,1981,1997,17,0,16,,0,0,0,,,False
6841,17,1981,1997,17,0,2,,0,0,0,,,False
6842,17,1981,1997,17,0,15,,0,0,0,,,False
6843,17,1981,1997,17,0,13,,0,0,0,,,False
6844,17,1981,1997,17,0,13,,0,0,0,,,False
6845,17,1981,1997,17,0,15,,0,0,0,,,False
6846,17,1981,1997,17,0,11,1993.0,0,0,0,,,False
6847,17,1981,1997,17,0,8,,0,0,0,,,False
6848,17,1981,1997,17,0,0,,0,0,0,,,False
6849,17,1981,1997,17,0,13,,0,0,0,,,False
6850,17,1981,1997,17,0,10,,0,0,0,,,False
6851,17,1981,1997,17,0,0,,0,0,0,,,False
6852,17,1981,1997,17,0,14,,0,0,0,,,False
6853,17,1981,1997,17,0,5,1991.0,0,0,0,,,False
6854,17,1981,1997,17,0,16,,0,0,0,,,False
6855,17,1981,1997,17,0,9,1996.0,0,0,0,,,False
6856,17,1981,1997,17,0,8,1991.0,0,0,0,,,False
6857,17,1981,1997,17,0,16,,0,0,0,,,False
6858,17,1981,1997,17,0,2,,0,0,0,,,False
6859,17,1981,1997,17,0,0,1995.0,0,0,0,,,False
6860,17,1981,1997,17,0,0,1988.0,0,0,0,,,False
6861,17,1981,1997,17,0,16,,0,0,0,,,False
6862,17,1981,1997,17,0,15,,0,0,0,,,False
6998,10,1973,1982,10,0,4,1981.0,0,0,0,,,False
6999,10,1973,1982,10,0,0,1981.0,0,0,0,,,False
7010,3,1978,1980,3,0,0,,0,0,0,,,False
7011,3,1978,1980,3,0,0,,0,0,0,,,False
7012,3,1978,1980,3,0,0,,0,0,0,,,False
7013,3,1978,1980,3,0,0,,0,0,0,,,False
7014,3,1978,1980,3,0,0,,0,0,0,,,False
7015,3,1978,1980,3,0,0,,0,0,0,,,False
7016,14,1977,1990,14,0,0,,0,0,0,,,False
7018,14,1977,1990,14,0,1,,0,0,0,,,False
7019,14,1977,1990,14,0,0,,0,0,0,,,False
7021,14,1977,1990,14,0,0,,0,0,0,,,False
7065,7,1932,1938,7,0,0,,0,0,0,,,False
7114,6,1963,1982,20,14,0,,0,0,0,,,False
8145,20,1971,1990,20,0,0,,0,0,0,,,False
8146,20,1971,1990,20,0,0,1983.0,0,0,0,,,False
8147,20,1971,1990,20,0,10,1983.0,0,0,0,,,False
8148,20,1971,1990,20,0,7,1977.0,0,0,0,,,False
8149,20,1971,1990,20,0,0,,0,0,0,,,False
8150,20,1971,1990,20,0,11,1977.0,0,0,0,,,False
8151,20,1971,1990,20,0,0,1980.0,0,0,0,,,False
8152,20,1971,1990,20,0,2,1989.0,0,0,0,,,False
8153,20,1971,1990,20,0,0,,0,0,0,,,False
8154,20,1971,1990,20,0,0,1977.0,0,0,0,,,False
8155,20,1971,1990,20,0,2,1989.0,0,0,0,,,False
8156,20,1971,1990,20,0,0,1978.0,0,0,0,,,False
8157,20,1971,1990,20,0,0,,0,0,0,,,False
8158,20,1971,1990,20,0,0,,0,0,0,,,False
8159,20,1971,1990,20,0,7,1977.0,0,0,0,,,False
8160,20,1971,1990,20,0,0,1980.0,0,0,0,,,False
8161,20,1971,1990,20,0,2,1979.0,0,0,0,,,False
8162,20,1971,1990,20,0,2,1977.0,0,0,0,,,False
8163,20,1971,1990,20,0,8,1978.0,0,0,0,,,False
8164,20,1971,1990,20,0,0,1978.0,0,0,0,,,False
8165,20,1971,1990,20,0,0,1986.0,0,0,0,,,False
8166,20,1971,1990,20,0,6,1977.0,0,0,0,,,False
8167,20,1971,1990,20,0,2,1989.0,0,0,0,,,False
8168,20,1971,1990,20,0,0,1982.0,0,0,0,,,False
8169,20,1971,1990,20,0,4,1984.0,0,0,0,,,False
8170,20,1971,1990,20,0,0,1989.0,0,0,0,,,False
8171,20,1971,1990,20,0,0,,0,0,0,,,False
8172,20,1971,1990,20,0,0,1983.0,0,0,0,,,False
8173,22,1969,1990,22,0,0,,0,0,0,,,False
8174,22,1969,1990,22,0,0,1983.0,0,0,0,,,False
8175,22,1969,1990,22,0,5,1983.0,0,0,0,,,False
8176,22,1969,1990,22,0,4,1978.0,0,0,0,,,False
8177,22,1969,1990,22,0,0,,0,0,0,,,False
8178,22,1969,1990,22,0,4,1977.0,0,0,0,,,False
8179,22,1969,1990,22,0,0,,0,0,0,,,False
8180,22,1969,1990,22,0,3,1989.0,0,0,0,,,False
8181,22,1969,1990,22,0,0,1987.0,0,0,0,,,False
8182,22,1969,1990,22,0,0,1977.0,0,0,0,,,False
8183,22,1969,1990,22,0,2,1988.0,0,0,0,,,False
8184,22,1969,1990,22,0,0,1977.0,0,0,0,,,False
8185,22,1969,1990,22,0,0,1987.0,0,0,0,,,False
8186,22,1969,1990,22,0,0,,0,0,0,,,False
8187,22,1969,1990,22,0,0,,0,0,0,,,False
8188,22,1969,1990,22,0,3,1977.0,0,0,0,,,False
8189,22,1969,1990,22,0,3,,0,0,0,,,False
8190,22,1969,1990,22,0,5,,0,0,0,,,False
8191,22,1969,1990,22,0,0,1983.0,0,0,0,,,False
8192,22,1969,1990,22,0,3,1987.0,0,0,0,,,False
8193,22,1969,1990,22,0,5,1977.0,0,0,0,,,False
8194,22,1969,1990,22,0,2,1976.0,0,0,0,,,False
8195,22,1969,1990,22,0,15,1976.0,0,0,0,,,False
8196,22,1969,1990,22,0,4,1983.0,0,0,0,,,False
8197,22,1969,1990,22,0,0,1982.0,0,0,0,,,False
8198,22,1969,1990,22,0,2,1984.0,0,0,0,,,False
8199,22,1969,1990,22,0,0,1989.0,0,0,0,,,False
8200,22,1969,1990,22,0,0,1978.0,0,0,0,,,False
8201,22,1969,1990,22,0,0,,0,0,0,,,False
8202,22,1969,1990,22,0,0,,0,0,0,,,False
8203,22,1969,1990,22,0,0,1982.0,0,0,0,,,False
8204,22,1969,1990,22,0,9,1983.0,0,0,0,,,False
8205,22,1969,1990,22,0,2,1985.0,0,0,0,,,False
8206,22,1969,1990,22,0,0,,0,0,0,,,False
8207,22,1969,1990,22,0,9,1977.0,0,0,0,,,False
8208,22,1969,1990,22,0,0,,0,0,0,,,False
8209,22,1969,1990,22,0,2,1989.0,0,0,0,,,False
8210,22,1969,1990,22,0,0,1983.0,0,0,0,,,False
8211,22,1969,1990,22,0,0,1977.0,0,0,0,,,False
8212,22,1969,1990,22,0,2,1981.0,0,0,0,,,False
8213,22,1969,1990,22,0,0,,0,0,0,,,False
8214,22,1969,1990,22,0,0,,0,0,0,,,False
8215,22,1969,1990,22,0,0,,0,0,0,,,False
8216,22,1969,1990,22,0,6,1983.0,0,0,0,,,False
8217,22,1969,1990,22,0,0,,0,0,0,,,False
8218,22,1969,1990,22,0,3,1977.0,0,0,0,,,False
8219,22,1969,1990,22,0,0,,0,0,0,,,False
8220,22,1969,1990,22,0,2,1977.0,0,0,0,,,False
8221,22,1969,1990,22,0,1,1977.0,0,0,0,,,False
8222,22,1969,1990,22,0,0,,0,0,0,,,False
8223,22,1969,1990,22,0,5,1974.0,0,0,0,,,False
8224,22,1969,1990,22,0,2,1981.0,0,0,0,,,False
8225,22,1969,1990,22,0,15,1979.0,0,0,0,,,False
8226,22,1969,1990,22,0,1,1985.0,0,0,0,,,False
8227,22,1969,1990,22,0,0,1984.0,0,0,0,,,False
8228,22,1969,1990,22,0,4,,0,0,0,,,False
8229,22,1969,1990,22,0,0,,0,0,0,,,False
8230,22,1969,1990,22,0,0,,0,0,0,,,False
8231,22,1969,1990,22,0,0,,0,0,0,,,False
8232,7,1971,1977,7,0,0,,0,0,0,,,False
8233,7,1971,1977,7,0,0,,0,0,0,,,False
8234,7,1971,1977,7,0,7,,0,0,0,,,False
8235,7,1971,1977,7,0,7,,0,0,0,,,False
8236,7,1971,1977,7,0,7,,0,0,0,,,False
8237,7,1971,1977,7,0,3,,0,0,0,,,False
8238,7,1971,1977,7,0,2,,0,0,0,,,False
8239,7,1971,1977,7,0,0,1976.0,0,0,0,,,False
8240,7,1971,1977,7,0,0,,0,0,0,,,False
8241,7,1971,1977,7,0,0,,0,0,0,,,False
8242,7,1971,1977,7,0,0,,0,0,0,,,False
8243,7,1971,1977,7,0,0,,0,0,0,,,False
8244,7,1971,1977,7,0,0,,0,0,0,,,False
8245,7,1971,1977,7,0,0,,0,0,0,,,False
8246,7,1971,1977,7,0,0,,0,0,0,,,False
8247,7,1971,1977,7,0,0,,0,0,0,,,False
8248,7,1971,1977,7,0,1,,0,0,0,,,False
8249,7,1971,1977,7,0,0,,0,0,0,,,False
8250,7,1971,1977,7,0,1,,0,0,0,,,False
8251,7,1971,1977,7,0,3,,0,0,0,,,False
8252,7,1971,1977,7,0,5,,0,0,0,,,False
8253,7,1971,1977,7,0,0,,0,0,0,,,False
8254,7,1971,1977,7,0,1,,0,0,0,,,False
8255,7,1971,1977,7,0,1,,0,0,0,,,False
8256,7,1971,1977,7,0,0,,0,0,0,,,False
8257,7,1971,1977,7,0,0,,0,0,0,,,False
8258,7,1971,1977,7,0,0,,0,0,0,,,False
8259,7,1971,1977,7,0,0,,0,0,0,,,False
8260,7,1971,1977,7,0,0,,0,0,0,,,False
8261,7,1971,1977,7,0,0,,0,0,0,,,False
8262,7,1971,1977,7,0,0,,0,0,0,,,False
8263,22,1969,1990,22,0,0,,0,0,0,,,False
8264,22,1969,1990,22,0,0,1983.0,0,0,0,,,False
8265,22,1969,1990,22,0,9,1982.0,0,0,0,,,False
8266,22,1969,1990,22,0,5,1979.0,0,0,0,,,False
8267,22,1969,1990,22,0,0,,0,0,0,,,False
8268,22,1969,1990,22,0,6,1985.0,0,0,0,,,False
8269,22,1969,1990,22,0,0,1986.0,0,0,0,,,False
8270,22,1969,1990,22,0,3,1989.0,0,0,0,,,False
8271,22,1969,1990,22,0,0,1977.0,0,0,0,,,False
8272,22,1969,1990,22,0,15,1978.0,0,0,0,,,False
8273,22,1969,1990,22,0,0,1978.0,0,0,0,,,False
8274,22,1969,1990,22,0,2,1989.0,0,0,0,,,False
8275,22,1969,1990,22,0,0,1977.0,0,0,0,,,False
8276,22,1969,1990,22,0,2,,0,0,0,,,False
8277,22,1969,1990,22,0,0,,0,0,0,,,False
8278,22,1969,1990,22,0,8,1977.0,0,0,0,,,False
8279,22,1969,1990,22,0,0,1980.0,0,0,0,,,False
8280,22,1969,1990,22,0,3,1977.0,0,0,0,,,False
8281,22,1969,1990,22,0,0,1977.0,0,0,0,,,False
8282,22,1969,1990,22,0,8,1977.0,0,0,0,,,False
8283,22,1969,1990,22,0,0,1977.0,0,0,0,,,False
8284,22,1969,1990,22,0,3,1981.0,0,0,0,,,False
8285,22,1969,1990,22,0,5,1974.0,0,0,0,,,False
8286,22,1969,1990,22,0,2,1977.0,0,0,0,,,False
8287,22,1969,1990,22,0,3,,0,0,0,,,False
8288,22,1969,1990,22,0,0,,0,0,0,,,False
8289,22,1969,1990,22,0,0,,0,0,0,,,False
8290,22,1969,1990,22,0,0,,0,0,0,,,False
8291,22,1969,1990,22,0,0,,0,0,0,,,False
8292,22,1969,1990,22,0,0,,0,0,0,,,False
8293,20,1969,1988,20,0,0,,0,0,0,,,False
8294,20,1969,1988,20,0,0,1975.0,0,0,0,,,False
8295,20,1969,1988,20,0,10,1983.0,0,0,0,,,False
8296,20,1969,1988,20,0,8,1977.0,0,0,0,,,False
8297,20,1969,1988,20,0,0,,0,0,0,,,False
8298,20,1969,1988,20,0,5,1978.0,0,0,0,,,False
8299,20,1969,1988,20,0,0,1986.0,0,0,0,,,False
8300,20,1969,1988,20,0,4,,0,0,0,,,False
8301,20,1969,1988,20,0,0,,0,0,0,,,False
8302,20,1969,1988,20,0,6,1979.0,0,0,0,,,False
8303,20,1969,1988,20,0,1,1977.0,0,0,0,,,False
8304,20,1969,1988,20,0,0,,0,0,0,,,False
8305,20,1969,1988,20,0,0,1977.0,0,0,0,,,False
8306,20,1969,1988,20,0,0,,0,0,0,,,False
8307,20,1969,1988,20,0,1,,0,0,0,,,False
8308,20,1969,1988,20,0,10,1976.0,0,0,0,,,False
8309,20,1969,1988,20,0,0,1983.0,0,0,0,,,False
8310,20,1969,1988,20,0,0,1977.0,0,0,0,,,False
8311,20,1969,1988,20,0,1,1977.0,0,0,0,,,False
8312,20,1969,1988,20,0,0,1977.0,0,0,0,,,False
8313,20,1969,1988,20,0,1,1987.0,0,0,0,,,False
8314,20,1969,1988,20,0,0,1977.0,0,0,0,,,False
8315,20,1969,1988,20,0,1,,0,0,0,,,False
8316,20,1969,1988,20,0,1,1974.0,0,0,0,,,False
8317,20,1969,1988,20,0,0,,0,0,0,,,False
8318,20,1969,1988,20,0,0,,0,0,0,,,False
8319,20,1969,1988,20,0,0,,0,0,0,,,False
8320,20,1969,1988,20,0,0,,0,0,0,,,False
8321,20,1969,1988,20,0,0,1976.0,0,0,0,,,False
8322,17,1972,1988,17,0,0,,0,0,0,,,False
8323,17,1972,1988,17,0,0,,0,0,0,,,False
8324,17,1972,1988,17,0,4,1983.0,0,0,0,,,False
8325,17,1972,1988,17,0,1,,0,0,0,,,False
8326,17,1972,1988,17,0,0,,0,0,0,,,False
8327,17,1972,1988,17,0,1,1978.0,0,0,0,,,False
8328,17,1972,1988,17,0,0,1986.0,0,0,0,,,False
8329,17,1972,1988,17,0,0,,0,0,0,,,False
8330,17,1972,1988,17,0,0,,0,0,0,,,False
8331,17,1972,1988,17,0,1,1981.0,0,0,0,,,False
8332,17,1972,1988,17,0,1,,0,0,0,,,False
8333,17,1972,1988,17,0,0,1980.0,0,0,0,,,False
8334,17,1972,1988,17,0,0,,0,0,0,,,False
8335,17,1972,1988,17,0,0,,0,0,0,,,False
8336,17,1972,1988,17,0,0,,0,0,0,,,False
8337,17,1972,1988,17,0,8,1984.0,0,0,0,,,False
8338,17,1972,1988,17,0,0,,0,0,0,,,False
8339,17,1972,1988,17,0,0,1977.0,0,0,0,,,False
8340,17,1972,1988,17,0,0,1985.0,0,0,0,,,False
8341,17,1972,1988,17,0,1,1978.0,0,0,0,,,False
8342,17,1972,1988,17,0,0,,0,0,0,,,False
8343,17,1972,1988,17,0,0,,0,0,0,,,False
8344,17,1972,1988,17,0,2,,0,0,0,,,False
8345,17,1972,1988,17,0,1,1980.0,0,0,0,,,False
8346,17,1972,1988,17,0,10,1977.0,0,0,0,,,False
8347,17,1972,1988,17,0,0,,0,0,0,,,False
8348,17,1972,1988,17,0,0,,0,0,0,,,False
8349,17,1972,1988,17,0,1,,0,0,0,,,False
8350,17,1972,1988,17,0,0,,0,0,0,,,False
8351,17,1972,1988,17,0,0,,0,0,0,,,False
8352,17,1972,1988,17,0,0,,0,0,0,,,False
8353,20,1969,1988,20,0,0,,0,0,0,,,False
8354,20,1969,1988,20,0,0,1974.0,0,0,0,,,False
8355,20,1969,1988,20,0,5,1977.0,0,0,0,,,False
8356,20,1969,1988,20,0,1,1976.0,0,0,0,,,False
8357,20,1969,1988,20,0,0,,0,0,0,,,False
8358,20,1969,1988,20,0,3,1978.0,0,0,0,,,False
8359,20,1969,1988,20,0,0,1987.0,0,0,0,,,False
8360,20,1969,1988,20,0,0,,0,0,0,,,False
8361,20,1969,1988,20,0,0,,0,0,0,,,False
8362,20,1969,1988,20,0,1,1980.0,0,0,0,,,False
8363,20,1969,1988,20,0,0,,0,0,0,,,False
8364,20,1969,1988,20,0,0,1974.0,0,0,0,,,False
8365,20,1969,1988,20,0,0,,0,0,0,,,False
8366,20,1969,1988,20,0,0,,0,0,0,,,False
8367,20,1969,1988,20,0,0,,0,0,0,,,False
8368,20,1969,1988,20,0,7,1975.0,0,0,0,,,False
8369,20,1969,1988,20,0,0,,0,0,0,,,False
8370,20,1969,1988,20,0,0,,0,0,0,,,False
8371,20,1969,1988,20,0,1,,0,0,0,,,False
8372,20,1969,1988,20,0,2,1985.0,0,0,0,,,False
8373,20,1969,1988,20,0,0,1979.0,0,0,0,,,False
8374,20,1969,1988,20,0,0,1974.0,0,0,0,,,False
8375,20,1969,1988,20,0,2,1976.0,0,0,0,,,False
8376,20,1969,1988,20,0,0,,0,0,0,,,False
8377,20,1969,1988,20,0,1,1975.0,0,0,0,,,False
8378,20,1969,1988,20,0,0,1975.0,0,0,0,,,False
8379,20,1969,1988,20,0,1,1974.0,0,0,0,,,False
8380,20,1969,1988,20,0,0,1983.0,0,0,0,,,False
8381,20,1969,1988,20,0,0,,0,0,0,,,False
8382,20,1969,1988,20,0,0,1981.0,0,0,0,,,False
8383,22,1969,1990,22,0,0,,0,0,0,,,False
8384,22,1969,1990,22,0,0,1975.0,0,0,0,,,False
8385,22,1969,1990,22,0,7,1982.0,0,0,0,,,False
8386,22,1969,1990,22,0,1,,0,0,0,,,False
8387,22,1969,1990,22,0,0,,0,0,0,,,False
8388,22,1969,1990,22,0,0,1984.0,0,0,0,,,False
8389,22,1969,1990,22,0,0,,0,0,0,,,False
8390,22,1969,1990,22,0,3,1989.0,0,0,0,,,False
8391,22,1969,1990,22,0,0,,0,0,0,,,False
8392,22,1969,1990,22,0,2,1989.0,0,0,0,,,False
8393,22,1969,1990,22,0,0,,0,0,0,,,False
8394,22,1969,1990,22,0,2,1974.0,0,0,0,,,False
8395,22,1969,1990,22,0,0,1974.0,0,0,0,,,False
8396,22,1969,1990,22,0,0,,0,0,0,,,False
8397,22,1969,1990,22,0,0,,0,0,0,,,False
8398,22,1969,1990,22,0,8,1977.0,0,0,0,,,False
8399,22,1969,1990,22,0,0,1980.0,0,0,0,,,False
8400,22,1969,1990,22,0,3,1989.0,0,0,0,,,False
8401,22,1969,1990,22,0,0,1985.0,0,0,0,,,False
8402,22,1969,1990,22,0,11,1979.0,0,0,0,,,False
8403,22,1969,1990,22,0,0,,0,0,0,,,False
8404,22,1969,1990,22,0,0,1986.0,0,0,0,,,False
8405,22,1969,1990,22,0,4,1976.0,0,0,0,,,False
8406,22,1969,1990,22,0,2,1988.0,0,0,0,,,False
8407,22,1969,1990,22,0,0,,0,0,0,,,False
8408,22,1969,1990,22,0,0,,0,0,0,,,False
8409,22,1969,1990,22,0,0,1984.0,0,0,0,,,False
8410,22,1969,1990,22,0,0,,0,0,0,,,False
8411,22,1969,1990,22,0,0,1989.0,0,0,0,,,False
8412,22,1969,1990,22,0,0,,0,0,0,,,False
8413,20,1971,1990,20,0,0,,0,0,0,,,False
8414,20,1971,1990,20,0,0,,0,0,0,,,False
8415,20,1971,1990,20,0,8,1982.0,0,0,0,,,False
8416,20,1971,1990,20,0,2,1979.0,0,0,0,,,False
8417,20,1971,1990,20,0,0,,0,0,0,,,False
8418,20,1971,1990,20,0,0,1979.0,0,0,0,,,False
8419,20,1971,1990,20,0,0,,0,0,0,,,False
8420,20,1971,1990,20,0,3,1989.0,0,0,0,,,False
8421,20,1971,1990,20,0,0,,0,0,0,,,False
8422,20,1971,1990,20,0,3,1981.0,0,0,0,,,False
8423,20,1971,1990,20,0,1,,0,0,0,,,False
8424,20,1971,1990,20,0,2,1989.0,0,0,0,,,False
8425,20,1971,1990,20,0,0,,0,0,0,,,False
8426,20,1971,1990,20,0,0,,0,0,0,,,False
8427,20,1971,1990,20,0,0,,0,0,0,,,False
8428,20,1971,1990,20,0,9,1976.0,0,0,0,,,False
8429,20,1971,1990,20,0,0,,0,0,0,,,False
8430,20,1971,1990,20,0,3,1989.0,0,0,0,,,False
8431,20,1971,1990,20,0,0,1985.0,0,0,0,,,False
8432,20,1971,1990,20,0,10,1984.0,0,0,0,,,False
8433,20,1971,1990,20,0,0,1979.0,0,0,0,,,False
8434,20,1971,1990,20,0,0,,0,0,0,,,False
8435,20,1971,1990,20,0,5,1976.0,0,0,0,,,False
8436,20,1971,1990,20,0,3,1988.0,0,0,0,,,False
8437,20,1971,1990,20,0,0,,0,0,0,,,False
8438,20,1971,1990,20,0,0,1989.0,0,0,0,,,False
8439,20,1971,1990,20,0,1,,0,0,0,,,False
8440,20,1971,1990,20,0,0,,0,0,0,,,False
8441,20,1971,1990,20,0,0,,0,0,0,,,False
8442,20,1971,1990,20,0,0,,0,0,0,,,False
8443,22,1969,1990,22,0,0,1980.0,0,0,0,,,False
8444,22,1969,1990,22,0,0,1984.0,0,0,0,,,False
8445,22,1969,1990,22,0,8,1982.0,0,0,0,,,False
8446,22,1969,1990,22,0,5,1979.0,0,0,0,,,False
8447,22,1969,1990,22,0,0,,0,0,0,,,False
8448,22,1969,1990,22,0,0,1977.0,0,0,0,,,False
8449,22,1969,1990,22,0,0,1975.0,0,0,0,,,False
8450,22,1969,1990,22,0,1,,0,0,0,,,False
8451,22,1969,1990,22,0,0,,0,0,0,,,False
8452,22,1969,1990,22,0,2,1980.0,0,0,0,,,False
8453,22,1969,1990,22,0,0,,0,0,0,,,False
8454,22,1969,1990,22,0,2,1974.0,0,0,0,,,False
8455,22,1969,1990,22,0,0,,0,0,0,,,False
8456,22,1969,1990,22,0,0,,0,0,0,,,False
8457,22,1969,1990,22,0,0,,0,0,0,,,False
8458,22,1969,1990,22,0,9,1976.0,0,0,0,,,False
8459,22,1969,1990,22,0,0,1980.0,0,0,0,,,False
8460,22,1969,1990,22,0,3,1989.0,0,0,0,,,False
8461,22,1969,1990,22,0,0,1985.0,0,0,0,,,False
8462,22,1969,1990,22,0,4,1978.0,0,0,0,,,False
8463,22,1969,1990,22,0,0,,0,0,0,,,False
8464,22,1969,1990,22,0,0,1987.0,0,0,0,,,False
8465,22,1969,1990,22,0,3,1974.0,0,0,0,,,False
8466,22,1969,1990,22,0,2,1988.0,0,0,0,,,False
8467,22,1969,1990,22,0,0,1975.0,0,0,0,,,False
8468,22,1969,1990,22,0,0,1975.0,0,0,0,,,False
8469,22,1969,1990,22,0,2,,0,0,0,,,False
8470,22,1969,1990,22,0,0,,0,0,0,,,False
8471,22,1969,1990,22,0,0,,0,0,0,,,False
8472,22,1969,1990,22,0,0,,0,0,0,,,False
8473,18,1971,1988,18,0,0,,0,0,0,,,False
8474,18,1973,1990,18,0,0,1984.0,0,0,0,,,False
8475,18,1973,1990,18,0,5,1982.0,0,0,0,,,False
8476,18,1973,1990,18,0,0,,0,0,0,,,False
8477,18,1971,1988,18,0,0,,0,0,0,,,False
8478,18,1971,1988,18,0,0,1985.0,0,0,0,,,False
8479,18,1971,1988,18,0,0,,0,0,0,,,False
8480,18,1971,1988,18,0,1,,0,0,0,,,False
8481,18,1971,1988,18,0,0,,0,0,0,,,False
8482,18,1971,1988,18,0,0,1979.0,0,0,0,,,False
8483,18,1971,1988,18,0,0,,0,0,0,,,False
8484,18,1971,1988,18,0,0,,0,0,0,,,False
8485,18,1971,1988,18,0,0,,0,0,0,,,False
8486,18,1971,1988,18,0,0,,0,0,0,,,False
8487,18,1971,1988,18,0,0,,0,0,0,,,False
8488,18,1971,1988,18,0,7,1984.0,0,0,0,,,False
8489,18,1971,1988,18,0,0,,0,0,0,,,False
8490,18,1971,1988,18,0,1,,0,0,0,,,False
8491,18,1971,1988,18,0,0,,0,0,0,,,False
8492,18,1971,1988,18,0,2,1981.0,0,0,0,,,False
8493,18,1971,1988,18,0,0,,0,0,0,,,False
8494,18,1971,1988,18,0,0,,0,0,0,,,False
8495,18,1971,1988,18,0,2,1976.0,0,0,0,,,False
8496,18,1971,1988,18,0,0,,0,0,0,,,False
8497,18,1971,1988,18,0,9,1978.0,0,0,0,,,False
8498,18,1971,1988,18,0,0,,0,0,0,,,False
8499,18,1971,1988,18,0,0,,0,0,0,,,False
8500,18,1971,1988,18,0,1,,0,0,0,,,False
8501,18,1971,1988,18,0,0,,0,0,0,,,False
8502,18,1971,1988,18,0,0,,0,0,0,,,False
8503,18,1971,1988,18,0,0,,0,0,0,,,False
8504,21,1969,1989,21,0,0,,0,0,0,,,False
8505,21,1969,1989,21,0,0,1984.0,0,0,0,,,False
8506,21,1969,1989,21,0,5,1982.0,0,0,0,,,False
8507,21,1969,1989,21,0,0,,0,0,0,,,False
8508,21,1969,1989,21,0,0,,0,0,0,,,False
8509,21,1969,1989,21,0,0,1977.0,0,0,0,,,False
8510,21,1969,1989,21,0,0,,0,0,0,,,False
8511,21,1969,1989,21,0,1,1977.0,0,0,0,,,False
8512,21,1969,1989,21,0,0,,0,0,0,,,False
8513,21,1969,1989,21,0,1,1979.0,0,0,0,,,False
8514,21,1969,1989,21,0,0,,0,0,0,,,False
8515,21,1969,1989,21,0,1,1974.0,0,0,0,,,False
8516,21,1969,1989,21,0,0,,0,0,0,,,False
8517,21,1969,1989,21,0,0,,0,0,0,,,False
8518,21,1969,1989,21,0,0,,0,0,0,,,False
8519,21,1969,1989,21,0,4,1975.0,0,0,0,,,False
8520,21,1969,1989,21,0,0,1980.0,0,0,0,,,False
8521,21,1969,1989,21,0,2,1979.0,0,0,0,,,False
8522,21,1969,1989,21,0,0,1985.0,0,0,0,,,False
8523,21,1969,1989,21,0,1,,0,0,0,,,False
8524,21,1969,1989,21,0,0,,0,0,0,,,False
8525,21,1969,1989,21,0,0,,0,0,0,,,False
8526,21,1969,1989,21,0,4,1975.0,0,0,0,,,False
8527,21,1969,1989,21,0,1,1977.0,0,0,0,,,False
8528,21,1969,1989,21,0,0,,0,0,0,,,False
8529,21,1969,1989,21,0,0,,0,0,0,,,False
8530,21,1969,1989,21,0,1,,0,0,0,,,False
8531,21,1969,1989,21,0,0,,0,0,0,,,False
8532,21,1969,1989,21,0,0,,0,0,0,,,False
8533,21,1969,1989,21,0,0,,0,0,0,,,False
8534,12,1969,1980,12,0,0,,0,0,0,,,False
8535,12,1969,1980,12,0,0,,0,0,0,,,False
8536,12,1969,1980,12,0,9,,0,0,0,,,False
8537,12,1969,1980,12,0,4,,0,0,0,,,False
8538,12,1969,1980,12,0,2,1979.0,0,0,0,,,False
8539,12,1969,1980,12,0,0,1979.0,0,0,0,,,False
8540,12,1969,1980,12,0,1,1979.0,0,0,0,,,False
8541,12,1969,1980,12,0,0,,0,0,0,,,False
8542,12,1969,1980,12,0,2,1979.0,0,0,0,,,False
8543,12,1969,1980,12,0,1,1979.0,0,0,0,,,False
8544,12,1969,1980,12,0,0,,0,0,0,,,False
8545,12,1969,1980,12,0,3,,0,0,0,,,False
8546,12,1969,1980,12,0,2,1979.0,0,0,0,,,False
8547,12,1969,1980,12,0,0,,0,0,0,,,False
8548,12,1969,1980,12,0,0,,0,0,0,,,False
8549,12,1969,1980,12,0,0,,0,0,0,,,False
8550,12,1969,1980,12,0,5,,0,0,0,,,False
8551,12,1969,1980,12,0,0,1974.0,0,0,0,,,False
8552,12,1969,1980,12,0,1,1979.0,0,0,0,,,False
8553,12,1969,1980,12,0,0,,0,0,0,,,False
8554,12,1969,1980,12,0,5,1979.0,0,0,0,,,False
8555,12,1969,1980,12,0,0,,0,0,0,,,False
8556,12,1969,1980,12,0,0,,0,0,0,,,False
8557,12,1969,1980,12,0,4,1976.0,0,0,0,,,False
8558,12,1969,1980,12,0,5,1979.0,0,0,0,,,False
8559,12,1969,1980,12,0,0,,0,0,0,,,False
8560,12,1969,1980,12,0,0,,0,0,0,,,False
8561,12,1969,1980,12,0,0,,0,0,0,,,False
8562,12,1969,1980,12,0,0,,0,0,0,,,False
8563,12,1969,1980,12,0,0,,0,0,0,,,False
8564,12,1969,1980,12,0,0,,0,0,0,,,False
8565,22,1969,1990,22,0,0,,0,0,0,,,False
8566,22,1969,1990,22,0,0,1987.0,0,0,0,,,False
8567,22,1969,1990,22,0,6,1982.0,0,0,0,,,False
8568,22,1969,1990,22,0,1,1984.0,0,0,0,,,False
8569,22,1969,1990,22,0,0,,0,0,0,,,False
8570,22,1969,1990,22,0,0,1979.0,0,0,0,,,False
8571,22,1969,1990,22,0,0,,0,0,0,,,False
8572,22,1969,1990,22,0,2,1989.0,0,0,0,,,False
8573,22,1969,1990,22,0,0,,0,0,0,,,False
8574,22,1969,1990,22,0,2,1989.0,0,0,0,,,False
8575,22,1969,1990,22,0,0,1985.0,0,0,0,,,False
8576,22,1969,1990,22,0,2,1974.0,0,0,0,,,False
8577,22,1969,1990,22,0,0,,0,0,0,,,False
8578,22,1969,1990,22,0,0,,0,0,0,,,False
8579,22,1969,1990,22,0,0,,0,0,0,,,False
8580,22,1969,1990,22,0,6,1977.0,0,0,0,,,False
8581,22,1969,1990,22,0,0,1980.0,0,0,0,,,False
8582,22,1969,1990,22,0,3,1989.0,0,0,0,,,False
8583,22,1969,1990,22,0,0,1985.0,0,0,0,,,False
8584,22,1969,1990,22,0,7,1977.0,0,0,0,,,False
8585,22,1969,1990,22,0,0,,0,0,0,,,False
8586,22,1969,1990,22,0,0,1987.0,0,0,0,,,False
8587,22,1969,1990,22,0,3,1974.0,0,0,0,,,False
8588,22,1969,1990,22,0,2,1989.0,0,0,0,,,False
8589,22,1969,1990,22,0,0,,0,0,0,,,False
8590,22,1969,1990,22,0,0,,0,0,0,,,False
8591,22,1969,1990,22,0,0,,0,0,0,,,False
8592,22,1969,1990,22,0,0,1974.0,0,0,0,,,False
8593,22,1969,1990,22,0,0,,0,0,0,,,False
8594,22,1969,1990,22,0,0,1989.0,0,0,0,,,False
8595,20,1969,1988,20,0,0,,0,0,0,,,False
8596,20,1969,1988,20,0,0,1979.0,0,0,0,,,False
8597,20,1969,1988,20,0,9,1977.0,0,0,0,,,False
8598,20,1969,1988,20,0,0,1984.0,0,0,0,,,False
8599,20,1969,1988,20,0,0,,0,0,0,,,False
8600,20,1969,1988,20,0,1,1979.0,0,0,0,,,False
8601,20,1969,1988,20,0,0,,0,0,0,,,False
8602,20,1969,1988,20,0,7,1978.0,0,0,0,,,False
8603,20,1969,1988,20,0,0,,0,0,0,,,False
8604,20,1969,1988,20,0,7,1974.0,0,0,0,,,False
8605,20,1969,1988,20,0,1,,0,0,0,,,False
8606,20,1969,1988,20,0,2,1975.0,0,0,0,,,False
8607,20,1969,1988,20,0,0,1974.0,0,0,0,,,False
8608,20,1969,1988,20,0,0,,0,0,0,,,False
8609,20,1969,1988,20,0,0,,0,0,0,,,False
8610,20,1969,1988,20,0,7,1976.0,0,0,0,,,False
8611,20,1969,1988,20,0,0,,0,0,0,,,False
8612,20,1969,1988,20,0,1,,0,0,0,,,False
8613,20,1969,1988,20,0,0,,0,0,0,,,False
8614,20,1969,1988,20,0,4,1978.0,0,0,0,,,False
8615,20,1969,1988,20,0,0,,0,0,0,,,False
8616,20,1969,1988,20,0,0,,0,0,0,,,False
8617,20,1969,1988,20,0,4,1974.0,0,0,0,,,False
8618,20,1969,1988,20,0,5,1979.0,0,0,0,,,False
8619,20,1969,1988,20,0,4,1984.0,0,0,0,,,False
8620,20,1969,1988,20,0,0,,0,0,0,,,False
8621,20,1969,1988,20,0,0,,0,0,0,,,False
8622,20,1969,1988,20,0,0,,0,0,0,,,False
8623,20,1969,1988,20,0,0,,0,0,0,,,False
8624,20,1969,1988,20,0,0,,0,0,0,,,False
8625,21,1970,1990,21,0,0,,0,0,0,,,False
8626,21,1970,1990,21,0,0,1984.0,0,0,0,,,False
8627,21,1970,1990,21,0,9,1978.0,0,0,0,,,False
8628,21,1970,1990,21,0,1,,0,0,0,,,False
8629,21,1970,1990,21,0,0,,0,0,0,,,False
8630,21,1970,1990,21,0,0,,0,0,0,,,False
8631,21,1970,1990,21,0,0,1981.0,0,0,0,,,False
8632,21,1970,1990,21,0,2,1989.0,0,0,0,,,False
8633,21,1970,1990,21,0,0,,0,0,0,,,False
8634,21,1970,1990,21,0,2,1980.0,0,0,0,,,False
8635,21,1970,1990,21,0,1,,0,0,0,,,False
8636,21,1970,1990,21,0,2,1989.0,0,0,0,,,False
8637,21,1970,1990,21,0,0,,0,0,0,,,False
8638,21,1970,1990,21,0,0,,0,0,0,,,False
8639,21,1970,1990,21,0,0,,0,0,0,,,False
8640,21,1970,1990,21,0,12,1984.0,0,0,0,,,False
8641,21,1970,1990,21,0,1,,0,0,0,,,False
8642,21,1970,1990,21,0,3,1989.0,0,0,0,,,False
8643,21,1970,1990,21,0,1,1989.0,0,0,0,,,False
8644,21,1970,1990,21,0,3,1978.0,0,0,0,,,False
8645,21,1970,1990,21,0,0,1980.0,0,0,0,,,False
8646,21,1970,1990,21,0,0,,0,0,0,,,False
8647,21,1970,1990,21,0,5,1976.0,0,0,0,,,False
8648,21,1970,1990,21,0,2,1988.0,0,0,0,,,False
8649,21,1970,1990,21,0,13,1977.0,0,0,0,,,False
8650,21,1970,1990,21,0,0,1981.0,0,0,0,,,False
8651,21,1970,1990,21,0,0,1975.0,0,0,0,,,False
8652,21,1970,1990,21,0,0,,0,0,0,,,False
8653,21,1970,1990,21,0,0,,0,0,0,,,False
8654,21,1970,1990,21,0,0,,0,0,0,,,False
8655,21,1970,1990,21,0,0,1989.0,0,0,0,,,False
9285,6,1972,1977,6,0,0,,0,0,0,,,False
9286,5,1972,1976,5,0,0,,0,0,0,,,False
9302,10,1974,1983,10,0,0,,0,0,0,,,False
9365,13,1982,1994,13,0,0,,0,0,0,,,False
9383,8,1983,1990,8,0,0,,0,0,0,,,False
9384,8,1983,1990,8,0,1,,0,0,0,,,False
9385,8,1983,1990,8,0,0,,0,0,0,,,False
9409,9,1977,1991,15,6,0,,0,0,0,,,False
9410,9,1977,1991,15,6,0,,0,0,0,,,False
9411,9,1977,1991,15,6,0,,0,0,0,,,False
9412,9,1977,1991,15,6,0,,0,0,0,,,False
9413,9,1977,1991,15,6,0,,0,0,0,,,False
9414,9,1977,1991,15,6,0,,0,0,0,,,False
9415,9,1977,1991,15,6,0,,0,0,0,,,False
9416,9,1977,1991,15,6,0,,0,0,0,,,False
9417,9,1977,1991,15,6,0,,0,0,0,,,False
9418,9,1977,1991,15,6,0,,0,0,0,,,False
9419,9,1977,1991,15,6,0,,0,0,0,,,False
9420,9,1977,1991,15,6,0,,0,0,0,,,False
9421,9,1977,1991,15,6,0,,0,0,0,,,False
9422,9,1977,1991,15,6,0,,0,0,0,,,False
9423,9,1977,1991,15,6,7,,0,0,0,,,False
9427,8,1977,1984,8,0,0,,0,0,0,,,False
9517,1,-9999,-9999,1,0,0,,0,0,0,,,False
9518,1,-9999,-9999,1,0,0,,0,0,0,,,False
9530,1,-9999,-9999,1,0,0,,0,0,0,,,False
9531,1,-9999,-9999,1,0,0,,0,0,0,,,False
9532,1,-9999,-9999,1,0,0,,0,0,0,,,False
9533,1,-9999,-9999,1,0,0,,0,0,0,,,False
9534,1,-9999,-9999,1,0,0,,0,0,0,,,False
9535,1,-9999,-9999,1,0,0,,0,0,0,,,False
9536,1,-9999,-9999,1,0,0,,0,0,0,,,False
9537,1,-9999,-9999,1,0,0,,0,0,0,,,False
9538,1,-9999,-9999,1,0,0,,0,0,0,,,False
9539,1,-9999,-9999,1,0,0,,0,0,0,,,False
9540,1,-9999,-9999,1,0,0,,0,0,0,,,False
9541,1,-9999,-9999,1,0,0,,0,0,0,,,False
9542,1,-9999,-9999,1,0,0,,0,0,0,,,False
9543,1,-9999,-9999,1,0,0,,0,0,0,,,False
9544,1,-9999,-9999,1,0,0,,0,0,0,,,False
9545,1,-9999,-9999,1,0,0,,0,0,0,,,False
9546,1,-9999,-9999,1,0,0,,0,0,0,,,False
9547,1,-9999,-9999,1,0,0,,0,0,0,,,False
9548,1,-9999,-9999,1,0,0,,0,0,0,,,False
9549,1,-9999,-9999,1,0,0,,0,0,0,,,False
9550,1,-9999,-9999,1,0,0,,0,0,0,,,False
9551,1,-9999,-9999,1,0,0,,0,0,0,,,False
9552,1,-9999,-9999,1,0,0,,0,0,0,,,False
9553,1,-9999,-9999,1,0,0,,0,0,0,,,False
9554,1,-9999,-9999,1,0,0,,0,0,0,,,False
9555,1,-9999,-9999,1,0,0,,0,0,0,,,False
9556,1,-9999,-9999,1,0,0,,0,0,0,,,False
9557,1,-9999,-9999,1,0,0,,0,0,0,,,False
9558,1,-9999,-9999,1,0,0,,0,0,0,,,False
9559,1,-9999,-9999,1,0,0,,0,0,0,,,False
9560,1,-9999,-9999,1,0,0,,0,0,0,,,False
9561,1,-9999,-9999,1,0,0,,0,0,0,,,False
9562,1,-9999,-9999,1,0,0,,0,0,0,,,False
9563,1,-9999,-9999,1,0,0,,0,0,0,,,False
9564,1,-9999,-9999,1,0,0,,0,0,0,,,False
9565,1,-9999,-9999,1,0,0,,0,0,0,,,False
9566,1,-9999,-9999,1,0,0,,0,0,0,,,False
9567,1,-9999,-9999,1,0,0,,0,0,0,,,False
9580,1,-9999,-9999,1,0,0,,0,0,0,,,False
9581,1,-9999,-9999,1,0,0,,0,0,0,,,False
9582,1,-9999,-9999,1,0,0,,0,0,0,,,False
9583,1,-9999,-9999,1,0,0,,0,0,0,,,False
9584,1,-9999,-9999,1,0,0,,0,0,0,,,False
9585,1,-9999,-9999,1,0,0,,0,0,0,,,False
9586,1,-9999,-9999,1,0,0,,0,0,0,,,False
9587,1,-9999,-9999,1,0,0,,0,0,0,,,False
9588,1,-9999,-9999,1,0,0,,0,0,0,,,False
9589,1,-9999,-9999,1,0,0,,0,0,0,,,False
9590,1,-9999,-9999,1,0,0,,0,0,0,,,False
9591,1,-9999,-9999,1,0,0,,0,0,0,,,False
9592,1,-9999,-9999,1,0,0,,0,0,0,,,False
9593,1,-9999,-9999,1,0,0,,0,0,0,,,False
9594,1,-9999,-9999,1,0,0,,0,0,0,,,False
9595,1,-9999,-9999,1,0,0,,0,0,0,,,False
9596,1,-9999,-9999,1,0,0,,0,0,0,,,False
9597,1,-9999,-9999,1,0,0,,0,0,0,,,False
9598,1,-9999,-9999,1,0,0,,0,0,0,,,False
9606,1,-9999,-9999,1,0,0,,0,0,0,,,False
9607,1,-9999,-9999,1,0,0,,0,0,0,,,False
9608,1,-9999,-9999,1,0,0,,0,0,0,,,False
9609,1,-9999,-9999,1,0,0,,0,0,0,,,False
9611,1,-9999,-9999,1,0,0,,0,0,0,,,False
9612,1,-9999,-9999,1,0,0,,0,0,0,,,False
9613,1,-9999,-9999,1,0,0,,0,0,0,,,False
9614,1,-9999,-9999,1,0,0,,0,0,0,,,False
9615,1,-9999,-9999,1,0,0,,0,0,0,,,False
9616,1,-9999,-9999,1,0,0,,0,0,0,,,False
9617,1,-9999,-9999,1,0,0,,0,0,0,,,False
9618,1,-9999,-9999,1,0,0,,0,0,0,,,False
9619,1,-9999,-9999,1,0,0,,0,0,0,,,False
9620,1,-9999,-9999,1,0,0,,0,0,0,,,False
9621,1,-9999,-9999,1,0,0,,0,0,0,,,False
9622,1,-9999,-9999,1,0,0,,0,0,0,,,False
9623,1,-9999,-9999,1,0,0,,0,0,0,,,False
9624,1,-9999,-9999,1,0,0,,0,0,0,,,False
9625,1,-9999,-9999,1,0,0,,0,0,0,,,False
9626,1,-9999,-9999,1,0,0,,0,0,0,,,False
9627,1,-9999,-9999,1,0,0,,0,0,0,,,False
9628,1,-9999,-9999,1,0,0,,0,0,0,,,False
9629,1,-9999,-9999,1,0,0,,0,0,0,,,False
9630,1,-9999,-9999,1,0,0,,0,0,0,,,False
9631,1,-9999,-9999,1,0,0,,0,0,0,,,False
9632,1,-9999,-9999,1,0,0,,0,0,0,,,False
9633,1,-9999,-9999,1,0,0,,0,0,0,,,False
9634,1,-9999,-9999,1,0,0,,0,0,0,,,False
9635,1,-9999,-9999,1,0,0,,0,0,0,,,False
9636,1,-9999,-9999,1,0,0,,0,0,0,,,False
9637,1,-9999,-9999,1,0,0,,0,0,0,,,False
9638,1,-9999,-9999,1,0,0,,0,0,0,,,False
9639,1,-9999,-9999,1,0,0,,0,0,0,,,False
9642,1,-9999,-9999,1,0,0,,0,0,0,,,False
9643,1,-9999,-9999,1,0,0,,0,0,0,,,False
9644,1,-9999,-9999,1,0,0,,0,0,0,,,False
9645,1,-9999,-9999,1,0,0,,0,0,0,,,False
9646,1,-9999,-9999,1,0,0,,0,0,0,,,False
9647,1,-9999,-9999,1,0,0,,0,0,0,,,False
9648,1,-9999,-9999,1,0,0,,0,0,0,,,False
9649,1,-9999,-9999,1,0,0,,0,0,0,,,False
9650,1,-9999,-9999,1,0,0,,0,0,0,,,False
9651,1,-9999,-9999,1,0,0,,0,0,0,,,False
9652,1,-9999,-9999,1,0,0,,0,0,0,,,False
9653,1,-9999,-9999,1,0,0,,0,0,0,,,False
9654,1,-9999,-9999,1,0,0,,0,0,0,,,False
9655,1,-9999,-9999,1,0,0,,0,0,0,,,False
9656,1,-9999,-9999,1,0,0,,0,0,0,,,False
9657,1,-9999,-9999,1,0,0,,0,0,0,,,False
9658,1,-9999,-9999,1,0,0,,0,0,0,,,False
9659,1,-9999,-9999,1,0,0,,0,0,0,,,False
9660,1,-9999,-9999,1,0,0,,0,0,0,,,False
9661,1,-9999,-9999,1,0,0,,0,0,0,,,False
9662,1,-9999,-9999,1,0,0,,0,0,0,,,False
9663,1,-9999,-9999,1,0,0,,0,0,0,,,False
9664,1,-9999,-9999,1,0,0,,0,0,0,,,False
9665,1,-9999,-9999,1,0,0,,0,0,0,,,False
9666,1,-9999,-9999,1,0,0,,0,0,0,,,False
9667,1,-9999,-9999,1,0,0,,0,0,0,,,False
9668,1,-9999,-9999,1,0,0,,0,0,0,,,False
9669,1,-9999,-9999,1,0,0,,0,0,0,,,False
9670,1,-9999,-9999,1,0,0,,0,0,0,,,False
9671,1,-9999,-9999,1,0,0,,0,0,0,,,False
9672,1,-9999,-9999,1,0,0,,0,0,0,,,False
9673,1,-9999,-9999,1,0,0,,0,0,0,,,False
9674,1,-9999,-9999,1,0,0,,0,0,0,,,False
9675,1,-9999,-9999,1,0,0,,0,0,0,,,False
9676,1,-9999,-9999,1,0,0,,0,0,0,,,False
9677,1,-9999,-9999,1,0,0,,0,0,0,,,False
9678,1,-9999,-9999,1,0,0,,0,0,0,,,False
9679,1,-9999,-9999,1,0,0,,0,0,0,,,False
9680,1,-9999,-9999,1,0,0,,0,0,0,,,False
9681,1,-9999,-9999,1,0,0,,0,0,0,,,False
9682,1,-9999,-9999,1,0,0,,0,0,0,,,False
9684,1,-9999,-9999,1,0,0,,0,0,0,,,False
9687,33,1940,1992,53,20,0,1964.0,0,0,0,,,False
9791,21,1948,1968,21,0,0,,0,0,0,,,False
9792,21,1948,1968,21,0,0,,0,0,0,,,False
9833,10,1970,1979,10,0,0,,0,0,0,,,False
9834,10,1970,1979,10,0,0,,0,0,0,,,False
9889,13,1929,1941,13,0,3,1938.0,0,0,0,,,False
9917,24,1970,1993,24,0,0,1975.0,0,0,0,,,False
9918,24,1970,1993,24,0,0,1979.0,0,0,0,,,False
9919,23,1970,1992,23,0,0,1978.0,0,0,0,,,False
9920,23,1970,1992,23,0,0,1979.0,0,0,0,,,False
9921,23,1970,1992,23,0,0,1978.0,0,0,0,,,False
9923,19,1973,1991,19,0,1,,0,0,0,,,False
9925,12,1979,1990,12,0,1,,0,0,0,,,False
9926,8,1984,1991,8,0,0,,0,0,0,,,False
9928,14,1977,1990,14,0,0,,0,0,0,,,False
9931,14,1977,1990,14,0,0,,0,0,0,,,False
9952,11,1965,1975,11,0,0,,0,0,0,,,False
9986,3,1987,1989,3,0,0,,0,0,0,,,False
9987,4,1991,1996,6,2,0,,0,0,0,,,False
9991,1,-9999,-9999,1,0,0,,0,0,0,,,False
9993,1,-9999,-9999,1,0,0,,0,0,0,,,False
9994,1,-9999,-9999,1,0,0,,0,0,0,,,False
10037,20,1969,1988,20,0,0,1978.0,0,0,0,,,False
10066,28,1961,1988,28,0,0,1972.0,0,0,0,,,False
10067,28,1961,1988,28,0,0,1969.0,0,0,0,,,False
10068,28,1961,1988,28,0,1,1971.0,0,0,0,,,False
10072,16,1977,1992,16,0,0,,0,0,0,,,False
10073,16,1977,1992,16,0,0,,0,0,0,,,False
10074,16,1977,1992,16,0,0,,0,0,0,,,False
10075,16,1977,1992,16,0,0,,0,0,0,,,False
10077,16,1977,1992,16,0,0,,0,0,0,,,False
10078,16,1977,1992,16,0,0,,0,0,0,,,False
10079,16,1977,1992,16,0,0,,0,0,0,,,False
10080,16,1977,1992,16,0,0,,0,0,0,,,False
10083,16,1977,1992,16,0,0,,0,0,0,,,False
10084,28,1953,1980,28,0,0,,0,0,0,,,False
10095,23,1968,1990,23,0,0,1983.0,0,0,0,,,False
10102,19,1966,1987,22,3,0,,0,0,0,,,False
10103,19,1967,1987,21,2,0,,0,0,0,,,False
10104,15,1972,1986,15,0,0,,0,0,0,,,False
10105,15,1972,1986,15,0,0,,0,0,0,,,False
10106,13,1973,1985,13,0,0,,0,0,0,,,False
10119,18,1964,1981,18,0,0,,0,0,0,,,False
10129,23,1971,1993,23,0,0,1992.0,0,0,0,,,False
10130,21,1971,1991,21,0,0,,0,0,0,,,False
10135,25,1961,1985,25,0,0,,0,0,0,,,False
10155,20,1974,1993,20,0,4,1982.0,0,0,0,,,False
10167,15,1966,1980,15,0,0,,0,0,0,,,False
20670,12,1976,1987,12,0,0,,0,0,0,,,False
